customer_id,Age,Sex,Job,Housing,Saving_accounts,Checking_account,Credit_amount,Duration,Purpose,percent_of_total_credit_amount,percent_cumulative_credit_amount,ABC_class,Sex_cat,Housing_cat,Saving_accounts_cat,Checking_account_cat,Purpose_cat,ACB_class_cat
915,32,female,3,own,little,moderate,18424,48,vacation/others,"0,005632084","0,005632084",A,0,1,0,1,7,0
95,58,male,2,rent,little,moderate,15945,54,business,"0,004874272","0,010506356",A,1,2,0,1,0,0
818,43,male,3,own,little,little,15857,36,vacation/others,"0,004847371","0,015353726",A,1,1,0,0,7,0
887,23,male,2,own,little,moderate,15672,48,business,"0,004790817","0,020144544",A,1,1,0,1,0,0
637,21,male,2,own,little,,15653,60,radio/TV,"0,004785009","0,024929553",A,1,1,0,-1,5,0
917,68,male,3,own,little,little,14896,6,car,"0,0045536","0,029483153",A,1,1,0,0,1,0
374,60,female,3,free,moderate,moderate,14782,60,vacation/others,"0,004518751","0,034001904",A,0,0,1,1,7,0
236,23,male,0,own,,moderate,14555,6,car,"0,004449359","0,038451262",A,1,1,-1,1,1,0
63,25,male,2,own,little,moderate,14421,48,business,"0,004408396","0,042859658",A,1,1,0,1,0,0
378,57,male,3,free,little,moderate,14318,36,car,"0,004376909","0,047236568",A,1,0,0,1,1,0
744,30,male,3,own,,little,14179,39,furniture/equipment,"0,004334418","0,051570986",A,1,1,-1,0,4,0
714,27,male,3,own,little,moderate,14027,60,car,"0,004287953","0,055858939",A,1,1,0,1,1,0
373,63,male,3,free,,,13756,60,car,"0,00420511","0,060064049",A,1,0,-1,-1,1,0
381,38,female,3,free,little,moderate,12976,18,car,"0,00396667","0,064030718",A,0,0,0,1,1,0
921,37,male,3,own,quite rich,,12749,48,radio/TV,"0,003897277","0,067927996",A,1,1,2,-1,5,0
763,30,male,3,free,,,12680,21,car,"0,003876185","0,071804181",A,1,0,-1,-1,1,0
87,47,male,2,free,moderate,moderate,12612,36,education,"0,003855398","0,075659578",A,1,0,1,1,3,0
18,44,female,3,free,little,moderate,12579,24,car,"0,00384531","0,079504888",A,0,0,0,1,1,0
563,37,male,2,free,,moderate,12389,36,car,"0,003787228","0,083292116",A,1,0,-1,1,1,0
615,48,male,3,own,,moderate,12204,48,business,"0,003730675","0,087022791",A,1,1,-1,1,0,0
272,36,male,3,free,,moderate,12169,48,car,"0,003719976","0,090742766",A,1,0,-1,1,1,0
274,34,male,1,own,little,little,11998,30,repairs,"0,003667702","0,094410468",A,1,1,0,0,6,0
105,39,male,3,own,little,moderate,11938,24,vacation/others,"0,003649361","0,098059829",A,1,1,0,1,7,0
832,29,male,2,rent,little,little,11816,45,business,"0,003612066","0,101671895",A,1,2,0,0,0,0
395,32,male,2,rent,moderate,moderate,11760,39,education,"0,003594947","0,105266842",A,1,2,1,1,3,0
333,24,female,1,rent,moderate,,11590,48,car,"0,003542979","0,108809822",A,0,2,1,-1,1,0
736,23,female,3,rent,little,moderate,11560,24,car,"0,003533809","0,11234363",A,0,2,0,1,1,0
431,29,male,3,own,little,moderate,11328,24,vacation/others,"0,003462888","0,115806518",A,1,1,0,1,7,0
450,30,male,3,own,,,11054,36,car,"0,003379128","0,119185647",A,1,1,-1,-1,1,0
953,26,female,3,own,little,,10974,36,furniture/equipment,"0,003354673","0,122540319",A,0,1,0,-1,4,0
226,27,male,2,own,rich,moderate,10961,48,radio/TV,"0,003350699","0,125891018",A,1,1,3,1,5,0
854,45,male,2,own,little,,10875,36,car,"0,003324409","0,129215427",A,1,1,0,-1,1,0
285,35,female,1,own,little,little,10722,47,car,"0,003277638","0,132493065",A,0,1,0,0,1,0
205,38,male,3,free,little,little,10623,30,car,"0,003247375","0,13574044",A,1,0,0,0,1,0
902,42,male,2,free,,,10477,36,car,"0,003202743","0,138943183",A,1,0,-1,-1,1,0
672,42,male,3,own,little,,10366,60,car,"0,003168812","0,142111995",A,1,1,0,-1,1,0
927,39,male,2,free,little,little,10297,48,car,"0,003147719","0,145259714",A,1,0,0,0,1,0
657,37,male,2,own,,,10222,48,radio/TV,"0,003124792","0,148384505",A,1,1,-1,-1,5,0
134,21,female,2,own,moderate,,10144,60,radio/TV,"0,003100948","0,151485453",A,0,1,1,-1,5,0
304,44,male,2,free,quite rich,,10127,48,car,"0,003095751","0,154581204",A,1,0,2,-1,1,0
295,26,female,2,own,little,moderate,9960,48,furniture/equipment,"0,0030447","0,157625904",A,0,1,0,1,4,0
684,31,male,1,own,moderate,moderate,9857,36,business,"0,003013214","0,160639118",A,1,1,1,1,0,0
812,24,male,2,own,little,little,9629,36,car,"0,002943516","0,163582634",A,1,1,0,0,1,0
180,28,male,2,own,little,,9572,36,business,"0,002926091","0,166508725",A,1,1,0,-1,0,0
57,31,female,2,own,little,,9566,36,radio/TV,"0,002924257","0,169432983",A,0,1,0,-1,5,0
78,39,male,1,own,,,9436,54,car,"0,002884517","0,1723175",A,1,1,-1,-1,1,0
291,28,male,3,rent,little,moderate,9398,36,car,"0,002872901","0,175190401",A,1,2,0,1,1,0
808,55,male,3,free,little,moderate,9283,42,car,"0,002837746","0,178028147",A,1,0,0,1,1,0
881,48,male,2,free,,,9277,24,car,"0,002835912","0,180864059",A,1,0,-1,-1,1,0
805,24,male,2,own,little,little,9271,36,car,"0,002834078","0,183698137",A,1,1,0,0,1,0
616,27,male,3,free,,moderate,9157,60,radio/TV,"0,002799229","0,186497366",A,1,0,-1,1,5,0
5,35,male,1,free,,,9055,36,education,"0,002768048","0,189265414",A,1,0,-1,-1,3,0
496,29,male,3,rent,moderate,moderate,9034,36,furniture/equipment,"0,002761629","0,192027043",A,1,2,1,1,4,0
268,45,male,3,own,little,little,8978,14,car,"0,00274451","0,194771553",A,1,1,0,0,1,0
895,31,male,3,own,,,8947,36,car,"0,002735033","0,197506586",A,1,1,-1,-1,1,0
549,35,male,2,free,,,8858,48,car,"0,002707827","0,200214413",A,1,0,-1,-1,1,0
402,27,male,2,own,little,,8648,24,business,"0,002643631","0,202858044",A,1,1,0,-1,0,0
136,27,male,2,own,rich,,8613,27,car,"0,002632932","0,205490976",A,1,1,3,-1,1,0
509,45,male,3,own,moderate,,8588,39,car,"0,00262529","0,208116266",A,1,1,1,-1,1,0
130,24,female,2,own,,moderate,8487,48,car,"0,002594415","0,210710681",A,0,1,-1,1,1,0
417,23,female,2,rent,,little,8471,18,education,"0,002589524","0,213300204",A,0,2,-1,0,3,0
980,49,male,2,own,little,moderate,8386,30,furniture/equipment,"0,00256354","0,215863744",A,1,1,0,1,4,0
945,30,female,2,own,quite rich,moderate,8358,48,car,"0,00255498","0,218418725",A,0,1,2,1,1,0
828,47,male,2,free,,little,8335,36,car,"0,002547949","0,220966674",A,1,0,-1,0,1,0
491,42,female,3,free,little,moderate,8318,27,business,"0,002542753","0,223509427",A,0,0,0,1,0,0
983,26,male,2,own,little,little,8229,36,car,"0,002515546","0,226024973",A,1,1,0,0,1,0
70,30,female,2,own,little,,8133,36,car,"0,002486199","0,228511172",A,0,1,0,-1,1,0
653,42,male,3,own,moderate,moderate,8086,36,car,"0,002471832","0,230983004",A,1,1,1,1,1,0
17,25,male,2,own,,little,8072,30,business,"0,002467552","0,233450556",A,1,1,-1,0,0,0
771,25,female,3,own,little,little,8065,36,education,"0,002465412","0,235915969",A,0,1,0,0,3,0
645,27,male,2,rent,,,7980,36,business,"0,002439429","0,238355397",A,1,2,-1,-1,0,0
525,30,male,2,own,little,moderate,7966,26,car,"0,002435149","0,240790546",A,1,1,0,1,1,0
3,45,male,2,free,little,little,7882,42,furniture/equipment,"0,002409471","0,243200017",A,1,0,0,0,4,0
227,53,male,3,free,little,little,7865,12,furniture/equipment,"0,002404274","0,24560429",A,1,0,0,0,4,0
113,25,female,2,own,little,,7855,36,car,"0,002401217","0,248005507",A,0,1,0,-1,1,0
889,40,male,2,rent,,,7824,28,car,"0,00239174","0,250397248",A,1,2,-1,-1,1,0
880,38,male,3,own,little,,7814,24,car,"0,002388683","0,252785931",A,1,1,0,-1,1,0
538,42,male,3,free,little,little,7763,48,car,"0,002373093","0,255159024",A,1,0,0,0,1,0
153,29,female,2,rent,rich,moderate,7758,24,car,"0,002371565","0,257530589",A,0,2,3,1,1,0
108,30,female,2,own,,little,7721,24,furniture/equipment,"0,002360254","0,259890843",A,0,1,-1,0,4,0
375,37,female,2,rent,little,little,7685,48,business,"0,002349249","0,262240092",A,0,2,0,0,0,0
870,40,female,2,own,quite rich,,7678,36,furniture/equipment,"0,002347109","0,264587202",A,0,1,2,-1,4,0
294,46,male,3,own,,,7629,48,business,"0,00233213","0,266919332",A,1,1,-1,-1,0,0
715,63,male,2,own,,,7596,30,car,"0,002322042","0,269241374",A,1,1,-1,-1,1,0
287,31,male,3,free,moderate,moderate,7582,48,vacation/others,"0,002317763","0,271559137",A,1,0,1,1,7,0
796,51,male,2,free,,little,7511,18,car,"0,002296059","0,273855196",A,1,0,-1,0,1,0
175,53,female,3,own,,,7485,30,car,"0,002288111","0,276143306",A,0,1,-1,-1,1,0
650,50,male,3,free,little,little,7476,48,education,"0,002285359","0,278428666",A,1,0,0,0,3,0
804,24,female,0,rent,,moderate,7472,12,car,"0,002284137","0,280712802",A,0,2,-1,1,1,0
815,54,female,2,rent,little,moderate,7432,36,car,"0,002271909","0,282984711",A,0,2,0,1,1,0
255,27,male,1,own,,moderate,7418,60,radio/TV,"0,002267629","0,28525234",A,1,1,-1,1,5,0
868,37,male,2,own,,,7409,36,business,"0,002264878","0,287517218",A,1,1,-1,-1,0,0
332,24,female,3,own,moderate,moderate,7408,60,car,"0,002264572","0,28978179",A,0,1,1,1,1,0
971,43,male,1,own,little,,7393,24,car,"0,002259987","0,292041777",A,1,1,0,-1,1,0
387,40,male,3,own,little,moderate,7374,18,furniture/equipment,"0,002254179","0,294295956",A,1,1,0,1,4,0
163,70,male,3,free,little,moderate,7308,10,car,"0,002234003","0,296529959",A,1,0,0,1,1,0
973,36,male,2,rent,little,little,7297,60,business,"0,00223064","0,298760599",A,1,2,0,0,0,0
411,35,male,3,own,little,,7253,33,car,"0,00221719","0,300977789",A,1,1,0,-1,1,0
467,32,male,2,own,,,7238,48,radio/TV,"0,002212604","0,303190393",A,1,1,-1,-1,5,0
48,39,male,1,own,little,,7228,11,car,"0,002209548","0,305399941",A,1,1,0,-1,1,0
116,30,female,3,own,,little,7174,42,radio/TV,"0,00219304","0,307592981",A,0,1,-1,0,5,0
968,29,male,2,rent,,,7166,42,radio/TV,"0,002190595","0,309783576",A,1,2,-1,-1,5,0
517,23,female,2,rent,little,,7127,36,furniture/equipment,"0,002178673","0,311962248",A,0,2,0,-1,4,0
522,53,male,2,free,little,little,7119,48,furniture/equipment,"0,002176227","0,314138475",A,1,0,0,0,4,0
99,36,male,3,rent,,moderate,7057,20,car,"0,002157274","0,316295749",A,1,2,-1,1,1,0
552,34,male,2,own,little,little,6999,48,radio/TV,"0,002139544","0,318435293",A,1,1,0,0,5,0
154,36,male,3,rent,moderate,moderate,6967,24,business,"0,002129762","0,320565055",A,1,2,1,1,0,0
7,35,male,3,rent,little,moderate,6948,36,car,"0,002123954","0,322689008",A,1,2,0,1,1,0
131,29,male,2,own,little,little,6887,36,education,"0,002105306","0,324794315",A,1,1,0,0,3,0
924,55,male,2,own,little,little,6872,24,furniture/equipment,"0,002100721","0,326895035",A,1,1,0,0,4,0
507,34,male,3,own,moderate,moderate,6850,15,car,"0,002093996","0,328989031",A,1,1,1,1,1,0
939,46,male,3,own,,,6842,24,car,"0,00209155","0,331080581",A,1,1,-1,-1,1,0
29,63,male,2,own,little,little,6836,60,business,"0,002089716","0,333170297",A,1,1,0,0,0,0
738,45,male,3,own,little,,6761,6,car,"0,002066789","0,335237086",A,1,1,0,-1,1,0
846,68,male,2,rent,,,6761,18,car,"0,002066789","0,337303875",A,1,2,-1,-1,1,0
569,31,female,2,own,little,little,6758,48,radio/TV,"0,002065872","0,339369747",A,0,1,0,0,5,0
879,36,male,2,own,,,6742,30,radio/TV,"0,002060981","0,341430728",A,1,1,-1,-1,5,0
829,38,male,2,free,,moderate,6681,48,business,"0,002042334","0,343473061",A,1,0,-1,1,0,0
330,75,male,3,free,little,little,6615,24,car,"0,002022158","0,345495219",A,1,0,0,0,1,0
888,34,male,3,own,little,,6614,36,car,"0,002021852","0,347517071",A,1,1,0,-1,1,0
988,29,male,3,free,little,little,6579,24,car,"0,002011153","0,349528224",A,1,0,0,0,1,0
208,21,male,1,own,little,little,6568,24,business,"0,00200779","0,351536015",A,1,1,0,0,0,0
706,24,male,2,own,moderate,moderate,6560,48,car,"0,002005345","0,353541359",A,1,1,1,1,1,0
685,34,male,2,free,,,6527,60,car,"0,001995257","0,355536616",A,1,0,-1,-1,1,0
56,52,male,3,own,,moderate,6468,12,radio/TV,"0,001977221","0,357513837",A,1,1,-1,1,5,0
784,60,male,3,own,,moderate,6468,20,car,"0,001977221","0,359491058",A,1,1,-1,1,1,0
106,39,male,3,own,little,,6458,18,car,"0,001974164","0,361465222",A,1,1,0,-1,1,0
292,44,female,3,free,little,little,6419,24,car,"0,001962242","0,363427464",A,0,0,0,0,1,0
728,59,female,2,rent,little,moderate,6416,48,business,"0,001961325","0,365388789",A,0,2,0,1,0,0
730,33,male,2,own,little,moderate,6403,24,radio/TV,"0,001957351","0,36734614",A,1,1,0,1,5,0
659,41,male,2,own,little,moderate,6361,18,furniture/equipment,"0,001944512","0,369290652",A,1,1,0,1,4,0
542,31,male,2,own,,little,6350,30,furniture/equipment,"0,001941149","0,371231801",A,1,1,-1,0,4,0
701,46,male,2,free,little,little,6331,48,car,"0,001935341","0,373167142",A,1,0,0,0,1,0
665,27,male,3,own,little,,6314,24,vacation/others,"0,001930144","0,375097287",A,1,1,0,-1,7,0
791,41,male,3,own,,,6313,24,car,"0,001929839","0,377027125",A,1,1,-1,-1,1,0
266,36,male,2,own,,,6304,36,business,"0,001927087","0,378954213",A,1,1,-1,-1,0,0
986,33,male,2,own,little,rich,6289,42,business,"0,001922502","0,380876715",A,1,1,0,2,0,0
938,42,male,2,free,little,moderate,6288,60,education,"0,001922196","0,382798911",A,1,0,0,1,3,0
112,28,male,1,rent,little,moderate,6260,18,car,"0,001913637","0,384712548",A,1,2,0,1,1,0
59,23,female,1,rent,little,little,6229,36,furniture/equipment,"0,00190416","0,386616708",A,0,2,0,0,4,0
788,50,male,2,free,little,moderate,6224,48,education,"0,001902632","0,38851934",A,1,0,0,1,3,0
42,44,male,1,own,little,moderate,6204,18,repairs,"0,001896518","0,390415858",A,1,1,0,1,6,0
353,28,male,2,rent,little,little,6199,12,radio/TV,"0,00189499","0,392310848",A,1,2,0,0,5,0
43,24,male,2,rent,moderate,little,6187,30,car,"0,001891321","0,394202169",A,1,2,1,0,1,0
719,31,male,2,own,moderate,moderate,6148,20,car,"0,001879399","0,396081569",A,1,1,1,1,1,0
44,58,female,1,free,little,little,6143,48,car,"0,001877871","0,397959439",A,0,0,0,0,1,0
36,31,male,2,free,little,,6110,48,education,"0,001867783","0,399827222",A,1,0,0,-1,3,0
107,32,male,2,own,little,moderate,6078,12,car,"0,001858001","0,401685223",A,1,1,0,1,1,0
371,33,male,2,own,little,,6070,18,radio/TV,"0,001855555","0,403540779",A,1,1,0,-1,5,0
789,27,male,2,own,little,little,5998,40,education,"0,001833545","0,405374324",A,1,1,0,0,3,0
51,30,male,3,own,little,moderate,5965,27,car,"0,001823458","0,407197781",A,1,1,0,1,1,0
73,41,female,1,own,little,moderate,5954,42,business,"0,001820095","0,409017876",A,0,1,0,1,0,0
571,38,male,2,own,little,,5954,30,radio/TV,"0,001820095","0,410837971",A,1,1,0,-1,5,0
1,22,female,2,own,little,moderate,5951,48,radio/TV,"0,001819178","0,412657149",A,0,1,0,1,5,0
80,44,female,2,own,,,5943,24,radio/TV,"0,001816732","0,414473881",A,0,1,-1,-1,5,0
32,30,male,2,own,moderate,moderate,5866,18,car,"0,001793194","0,416267075",A,1,1,1,1,1,0
152,24,male,2,own,little,rich,5848,36,radio/TV,"0,001787691","0,418054767",A,1,1,0,2,5,0
415,35,male,2,own,little,,5842,36,car,"0,001785857","0,419840624",A,1,1,0,-1,1,0
860,27,male,2,own,rich,,5804,24,car,"0,001774241","0,421614865",A,1,1,3,-1,1,0
326,49,male,2,rent,,,5801,12,furniture/equipment,"0,001773324","0,423388189",A,1,2,-1,-1,4,0
893,34,male,2,own,little,moderate,5800,36,car,"0,001773018","0,425161207",A,1,1,0,1,1,0
753,25,female,2,own,little,,5771,30,radio/TV,"0,001764153","0,42692536",A,0,1,0,-1,5,0
340,24,female,2,free,little,moderate,5743,24,education,"0,001755594","0,428680954",A,0,0,0,1,3,0
671,31,male,2,own,moderate,,5742,36,business,"0,001755288","0,430436242",A,1,1,1,-1,0,0
778,38,male,3,own,rich,,5711,36,car,"0,001745812","0,432182054",A,1,1,3,-1,1,0
677,24,male,2,own,moderate,moderate,5595,72,radio/TV,"0,001710351","0,433892405",A,1,1,1,1,5,0
311,25,male,2,own,moderate,,5511,24,furniture/equipment,"0,001684673","0,435577078",A,1,1,1,-1,4,0
520,44,male,2,free,little,,5507,24,repairs,"0,00168345","0,437260528",A,1,0,0,-1,6,0
501,42,male,2,free,little,little,5493,36,car,"0,001679171","0,438939698",A,1,0,0,0,1,0
572,26,female,3,rent,,,5433,24,car,"0,001660829","0,440600527",A,0,2,-1,-1,1,0
310,40,male,0,free,,moderate,5381,48,vacation/others,"0,001644933","0,44224546",A,1,0,-1,1,7,0
148,28,male,2,own,little,little,5371,36,furniture/equipment,"0,001641876","0,443887336",A,1,1,0,0,4,0
705,35,female,2,free,quite rich,,5324,15,car,"0,001627508","0,445514845",A,0,0,2,-1,1,0
262,36,male,3,free,little,little,5302,18,car,"0,001620783","0,447135628",A,1,0,0,0,1,0
212,50,male,2,own,little,little,5293,27,business,"0,001618032","0,44875366",A,1,1,0,0,0,0
748,26,male,2,own,,,5248,21,car,"0,001604276","0,450357936",A,1,1,-1,-1,1,0
9,28,male,3,own,little,moderate,5234,30,car,"0,001599996","0,451957932",A,1,1,0,1,1,0
65,48,male,2,own,,,5190,27,repairs,"0,001586546","0,453544477",A,1,1,-1,-1,6,0
840,29,male,2,own,little,little,5179,36,furniture/equipment,"0,001583183","0,45512766",A,1,1,0,0,4,0
477,25,male,2,own,little,rich,5152,24,radio/TV,"0,001574929","0,45670259",A,1,1,0,2,5,0
676,33,male,2,own,little,,5150,24,furniture/equipment,"0,001574318","0,458276908",A,1,1,0,-1,4,0
186,74,female,3,free,little,moderate,5129,9,car,"0,001567898","0,459844806",A,0,0,0,1,1,0
202,26,male,2,own,little,,5117,27,business,"0,00156423","0,461409036",A,1,1,0,-1,0,0
683,47,male,2,free,little,,5103,24,radio/TV,"0,00155995","0,462968986",A,1,0,0,-1,5,0
444,30,female,3,own,little,moderate,5096,48,furniture/equipment,"0,00155781","0,464526797",A,0,1,0,1,4,0
833,42,female,2,own,,moderate,5084,24,radio/TV,"0,001554142","0,466080939",A,0,1,-1,1,5,0
760,59,female,2,own,,,5045,15,car,"0,00154222","0,467623159",A,0,1,-1,-1,1,0
557,29,female,2,own,,,5003,21,car,"0,001529381","0,46915254",A,0,1,-1,-1,1,0
780,25,male,2,own,little,moderate,4933,39,radio/TV,"0,001507983","0,470660523",A,1,1,0,1,5,0
4,53,male,2,free,little,little,4870,24,car,"0,001488724","0,472149247",A,1,0,0,0,1,0
981,33,male,3,rent,little,,4844,48,business,"0,001480776","0,473630022",A,1,2,0,-1,0,0
668,43,male,2,rent,little,little,4843,12,car,"0,00148047","0,475110493",A,1,2,0,0,1,0
454,31,male,2,own,little,little,4817,24,car,"0,001472522","0,476583015",A,1,1,0,0,1,0
306,24,female,1,rent,,,4811,30,car,"0,001470688","0,478053703",A,0,2,-1,-1,1,0
293,56,male,2,free,little,rich,4796,42,car,"0,001466103","0,479519806",A,1,0,0,2,1,0
141,30,female,3,own,little,moderate,4795,36,radio/TV,"0,001465797","0,480985602",A,0,1,0,1,5,0
286,26,male,2,own,little,little,4788,48,car,"0,001463657","0,48244926",A,1,1,0,0,1,0
77,51,male,2,own,little,moderate,4771,11,radio/TV,"0,00145846","0,48390772",A,1,1,0,1,5,0
35,25,male,1,own,little,moderate,4746,45,radio/TV,"0,001450818","0,485358538",A,1,1,0,1,5,0
911,25,female,1,own,little,moderate,4736,24,furniture/equipment,"0,001447761","0,486806299",B,0,1,0,1,4,1
693,44,male,1,own,,little,4716,6,car,"0,001441647","0,488247946",B,1,1,-1,0,1,1
564,37,male,3,own,,moderate,4712,24,business,"0,001440424","0,489688371",B,1,1,-1,1,0,1
511,32,male,3,free,little,,4686,36,car,"0,001432476","0,491120847",B,1,0,0,-1,1,1
469,35,male,1,own,little,,4679,24,car,"0,001430337","0,492551184",B,1,1,0,-1,1,1
296,20,female,2,rent,,,4675,12,car,"0,001429114","0,493980297",B,0,2,-1,-1,1,1
224,30,male,2,own,little,,4657,15,car,"0,001423611","0,495403909",B,1,1,0,-1,1,1
642,40,male,3,own,moderate,,4623,15,education,"0,001413218","0,496817127",B,1,1,1,-1,3,1
278,32,female,2,own,little,,4611,6,furniture/equipment,"0,001409549","0,498226676",B,0,1,0,-1,4,1
242,24,male,2,free,little,little,4605,48,car,"0,001407715","0,499634391",B,1,0,0,0,1,1
459,32,male,2,own,little,,4594,18,radio/TV,"0,001404353","0,501038744",B,1,1,0,-1,5,1
190,54,male,3,own,rich,,4591,24,business,"0,001403436","0,50244218",B,1,1,3,-1,0,1
646,32,male,2,own,little,little,4583,30,furniture/equipment,"0,00140099","0,50384317",B,1,1,0,0,4,1
999,27,male,2,own,moderate,moderate,4576,45,car,"0,00139885","0,50524202",B,1,1,1,1,1,1
675,26,female,3,rent,little,,4530,30,radio/TV,"0,001384788","0,506626808",B,0,2,0,-1,5,1
606,74,male,3,own,little,,4526,24,business,"0,001383566","0,508010374",B,1,1,0,-1,0,1
863,32,male,1,own,rich,,4526,27,furniture/equipment,"0,001383566","0,50939394",B,1,1,3,-1,4,1
328,31,male,2,own,little,rich,4473,36,radio/TV,"0,001367364","0,510761303",B,1,1,0,2,5,1
357,26,male,3,own,little,,4463,36,radio/TV,"0,001364307","0,51212561",B,1,1,0,-1,5,1
181,30,male,3,own,little,moderate,4455,36,business,"0,001361861","0,513487472",B,1,1,0,1,0,1
910,34,female,2,own,little,,4454,36,radio/TV,"0,001361556","0,514849027",B,0,1,0,-1,5,1
343,33,male,3,own,little,moderate,4439,18,business,"0,00135697","0,516205998",B,1,1,0,1,0,1
737,35,male,1,own,moderate,little,4380,18,car,"0,001338934","0,517544932",B,1,1,1,0,1,1
639,26,male,2,own,little,little,4370,42,radio/TV,"0,001335878","0,51888081",B,1,1,0,0,5,1
317,48,female,1,own,,moderate,4351,24,furniture/equipment,"0,001330069","0,520210879",B,0,1,-1,1,4,1
11,24,female,2,rent,little,little,4308,48,business,"0,001316925","0,521527804",B,0,2,0,0,0,1
199,40,male,3,own,little,moderate,4297,18,furniture/equipment,"0,001313562","0,522841366",B,1,1,0,1,4,1
118,23,female,2,own,quite rich,little,4281,33,furniture/equipment,"0,001308671","0,524150036",B,0,1,2,0,4,1
739,26,female,1,rent,moderate,moderate,4280,30,business,"0,001308365","0,525458402",B,0,2,1,1,0,1
384,26,male,1,own,moderate,,4272,30,business,"0,00130592","0,526764321",B,1,1,1,-1,0,1
802,24,female,2,own,little,little,4272,20,furniture/equipment,"0,00130592","0,528070241",B,0,1,0,0,4,1
320,28,male,3,own,little,moderate,4249,30,car,"0,001298889","0,52936913",B,1,1,0,1,1,1
597,36,male,1,own,little,moderate,4241,24,business,"0,001296443","0,530665573",B,1,1,0,1,0,1
658,28,female,2,own,little,moderate,4221,30,business,"0,001290329","0,531955902",B,0,1,0,1,0,1
230,26,male,2,own,little,rich,4210,36,radio/TV,"0,001286967","0,533242869",B,1,1,0,2,5,1
338,28,male,2,own,little,little,4169,24,furniture/equipment,"0,001274433","0,534517302",B,1,1,0,0,4,1
827,36,male,2,own,little,,4165,18,business,"0,00127321","0,535790512",B,1,1,0,-1,0,1
899,42,male,2,own,little,little,4153,18,furniture/equipment,"0,001269542","0,537060055",B,1,1,0,0,4,1
253,35,male,2,own,moderate,,4151,24,furniture/equipment,"0,001268931","0,538328985",B,1,1,1,-1,4,1
670,27,male,1,own,moderate,,4139,24,business,"0,001265262","0,539594248",B,1,1,1,-1,0,1
952,28,female,2,rent,quite rich,moderate,4113,24,car,"0,001257314","0,540851562",B,0,2,2,1,1,1
334,23,male,2,rent,little,little,4110,24,furniture/equipment,"0,001256397","0,54210796",B,1,2,0,0,4,1
884,43,male,2,own,little,moderate,4057,24,furniture/equipment,"0,001240196","0,543348155",B,1,1,0,1,4,1
628,36,male,2,own,quite rich,,4042,42,furniture/equipment,"0,00123561","0,544583766",B,1,1,2,-1,4,1
851,43,male,2,own,,,4042,24,car,"0,00123561","0,545819376",B,1,1,-1,-1,1,1
31,27,male,2,own,little,little,4020,24,furniture/equipment,"0,001228885","0,547048261",B,1,1,0,0,4,1
958,45,male,1,own,little,little,4006,28,car,"0,001224605","0,548272866",B,1,1,0,0,1,1
735,29,female,0,own,,moderate,3990,36,domestic appliances,"0,001219714","0,549492581",B,0,1,-1,1,2,1
568,41,male,2,own,,moderate,3979,48,radio/TV,"0,001216352","0,550708932",B,1,1,-1,1,5,1
845,35,male,2,own,,moderate,3976,21,furniture/equipment,"0,001215435","0,551924367",B,1,1,-1,1,4,1
655,22,male,2,free,little,little,3973,14,car,"0,001214517","0,553138884",B,1,0,0,0,1,1
168,25,female,2,rent,little,,3972,24,furniture/equipment,"0,001214212","0,554353096",B,0,2,0,-1,4,1
826,33,female,2,rent,little,little,3966,18,car,"0,001212378","0,555565474",B,0,2,0,0,1,1
76,34,male,2,own,little,little,3965,42,radio/TV,"0,001212072","0,556777546",B,1,1,0,0,5,1
858,29,female,2,own,little,little,3959,15,car,"0,001210238","0,557987783",B,0,1,0,0,1,1
993,30,male,3,own,little,little,3959,36,furniture/equipment,"0,001210238","0,559198021",B,1,1,0,0,4,1
344,37,male,1,own,little,rich,3949,10,car,"0,001207181","0,560405202",B,1,1,0,2,1,1
969,40,male,1,own,little,little,3939,11,car,"0,001204124","0,561609326",B,1,1,0,0,1,1
814,46,male,2,free,little,little,3931,48,car,"0,001201678","0,562811004",B,1,0,0,0,1,1
192,36,male,2,own,little,moderate,3915,27,business,"0,001196787","0,564007791",B,1,1,0,1,0,1
622,38,male,2,own,,,3914,48,business,"0,001196482","0,565204273",B,1,1,-1,-1,0,1
217,23,male,2,own,little,rich,3913,36,radio/TV,"0,001196176","0,566400449",B,1,1,0,2,5,1
456,36,male,2,rent,little,little,3905,11,car,"0,00119373","0,567594179",B,1,2,0,0,1,1
284,37,male,2,own,moderate,moderate,3878,24,car,"0,001185477","0,568779656",B,1,1,1,1,1,1
779,67,female,2,own,little,moderate,3872,18,repairs,"0,001183643","0,569963299",B,0,1,0,1,6,1
121,41,female,3,rent,little,,3868,24,car,"0,00118242","0,571145718",B,0,2,0,-1,1,1
599,32,male,2,free,little,,3863,24,business,"0,001180891","0,57232661",B,1,0,0,-1,0,1
996,40,male,3,own,little,little,3857,30,car,"0,001179057","0,573505667",B,1,1,0,0,1,1
366,27,male,2,own,little,,3850,18,car,"0,001176917","0,574682584",B,1,1,0,-1,1,1
191,34,male,1,free,moderate,moderate,3844,48,business,"0,001175083","0,575857667",B,1,0,1,1,0,1
211,45,female,1,own,,,3835,36,radio/TV,"0,001172332","0,577029999",B,0,1,-1,-1,5,1
79,22,male,2,own,little,moderate,3832,30,furniture/equipment,"0,001171415","0,578201414",B,1,1,0,1,4,1
629,64,male,1,own,,,3832,9,education,"0,001171415","0,579372828",B,1,1,-1,-1,3,1
258,23,female,2,own,moderate,,3812,15,car,"0,001165301","0,580538129",B,0,1,1,-1,1,1
301,42,female,2,own,little,moderate,3804,36,radio/TV,"0,001162855","0,581700985",B,0,1,0,1,5,1
824,35,male,3,own,little,,3780,18,furniture/equipment,"0,001155519","0,582856504",B,1,1,0,-1,4,1
183,50,male,2,own,rich,,3777,24,furniture/equipment,"0,001154602","0,584011105",B,1,1,3,-1,4,1
906,24,male,1,own,,little,3763,21,car,"0,001150322","0,585161427",B,1,1,-1,0,1,1
347,23,female,0,rent,quite rich,moderate,3758,24,radio/TV,"0,001148794","0,586310221",B,0,2,2,1,5,1
487,62,female,2,free,little,,3757,24,car,"0,001148488","0,587458709",B,0,0,0,-1,1,1
312,26,female,2,own,little,rich,3749,24,furniture/equipment,"0,001146042","0,588604751",B,0,1,0,2,4,1
907,27,male,2,own,,moderate,3711,36,education,"0,001134426","0,589739177",B,1,1,-1,1,3,1
617,37,male,2,rent,little,little,3676,6,car,"0,001123727","0,590862904",B,1,2,0,0,1,1
630,28,female,2,own,little,little,3660,24,radio/TV,"0,001118836","0,591981739",B,0,1,0,0,5,1
956,49,male,1,own,,rich,3656,30,radio/TV,"0,001117613","0,593099352",B,1,1,-1,2,5,1
620,27,male,2,own,little,moderate,3652,21,business,"0,00111639","0,594215742",B,1,1,0,1,0,1
689,31,male,2,own,rich,little,3651,12,car,"0,001116084","0,595331826",B,1,1,3,0,1,1
367,22,female,2,rent,little,little,3650,18,furniture/equipment,"0,001115779","0,596447605",B,0,2,0,0,4,1
319,27,female,1,own,little,little,3643,15,furniture/equipment,"0,001113639","0,597561244",B,0,1,0,0,4,1
613,22,female,2,rent,little,little,3632,24,car,"0,001110276","0,59867152",B,0,2,0,0,1,1
482,57,female,2,rent,rich,little,3622,30,furniture/equipment,"0,001107219","0,59977874",B,0,2,3,0,4,1
949,31,male,2,own,moderate,,3621,24,radio/TV,"0,001106914","0,600885653",B,1,1,1,-1,5,1
460,37,male,2,own,little,little,3620,36,furniture/equipment,"0,001106608","0,601992261",B,1,1,0,0,4,1
93,20,male,2,rent,,rich,3617,24,furniture/equipment,"0,001105691","0,603097952",B,1,2,-1,2,4,1
768,28,male,2,rent,little,moderate,3617,12,furniture/equipment,"0,001105691","0,604203643",B,1,2,0,1,4,1
537,37,female,2,own,little,moderate,3612,18,furniture/equipment,"0,001104162","0,605307805",B,0,1,0,1,4,1
667,27,female,2,own,little,,3609,48,business,"0,001103245","0,60641105",B,0,1,0,-1,0,1
341,26,female,1,rent,little,little,3599,21,furniture/equipment,"0,001100188","0,607511239",B,0,2,0,0,4,1
877,28,male,2,own,little,,3595,36,radio/TV,"0,001098966","0,608610204",B,1,1,0,-1,5,1
908,46,female,1,own,little,,3594,15,car,"0,00109866","0,609708864",B,0,1,0,-1,1,1
874,29,male,1,own,little,little,3590,12,furniture/equipment,"0,001097437","0,610806301",B,1,1,0,0,4,1
950,40,male,0,own,little,moderate,3590,18,business,"0,001097437","0,611903739",B,1,1,0,1,0,1
115,47,male,2,own,,,3578,48,radio/TV,"0,001093769","0,612997507",B,1,1,-1,-1,5,1
859,26,male,2,rent,moderate,,3577,9,car,"0,001093463","0,614090971",B,1,2,1,-1,1,1
480,23,female,1,own,little,moderate,3573,12,radio/TV,"0,00109224","0,615183211",B,0,1,0,1,5,1
967,54,female,3,rent,little,,3568,15,radio/TV,"0,001090712","0,616273923",B,0,2,0,-1,5,1
145,30,male,2,own,moderate,moderate,3566,48,business,"0,001090101","0,617364023",B,1,1,1,1,0,1
990,37,male,1,own,,,3565,12,education,"0,001089795","0,618453818",B,1,1,-1,-1,3,1
962,29,male,2,own,,,3556,15,car,"0,001087044","0,619540862",B,1,1,-1,-1,1,1
558,27,male,2,own,little,little,3552,24,furniture/equipment,"0,001085821","0,620626682",B,1,1,0,0,4,1
776,37,male,2,own,little,,3535,36,car,"0,001080624","0,621707306",B,1,1,0,-1,1,1
940,45,male,3,own,,,3527,12,car,"0,001078178","0,622785485",B,1,1,-1,-1,1,1
489,26,male,2,rent,little,,3518,6,car,"0,001075427","0,623860912",B,1,2,0,-1,1,1
158,38,male,2,own,moderate,moderate,3512,24,car,"0,001073593","0,624934505",B,1,1,1,1,1,1
777,25,female,2,own,little,little,3509,18,radio/TV,"0,001072676","0,626007181",B,0,1,0,0,5,1
129,29,female,2,own,little,little,3499,12,car,"0,001069619","0,6270768",B,0,1,0,0,1,1
666,34,male,2,own,rich,moderate,3496,30,furniture/equipment,"0,001068702","0,628145502",B,1,1,3,1,4,1
523,23,female,2,own,moderate,,3488,24,car,"0,001066256","0,629211759",B,0,1,1,-1,1,1
901,44,male,2,own,,,3485,20,car,"0,001065339","0,630277098",B,1,1,-1,-1,1,1
430,74,male,1,own,little,,3448,5,business,"0,001054029","0,631331127",B,1,1,0,-1,0,1
244,35,female,1,own,quite rich,,3447,12,education,"0,001053723","0,63238485",B,0,1,2,-1,3,1
368,42,male,2,own,little,little,3446,36,furniture/equipment,"0,001053417","0,633438267",B,1,1,0,0,4,1
618,21,female,2,rent,moderate,moderate,3441,30,furniture/equipment,"0,001051889","0,634490156",B,0,2,1,1,4,1
19,31,male,2,own,quite rich,,3430,24,radio/TV,"0,001048526","0,635538683",B,1,1,2,-1,5,1
844,47,male,2,own,little,,3422,18,furniture/equipment,"0,001046081","0,636584763",B,1,1,0,-1,4,1
142,27,male,3,own,little,little,3416,27,radio/TV,"0,001044247","0,63762901",B,1,1,0,0,5,1
174,26,male,2,own,little,little,3414,21,education,"0,001043635","0,638672645",B,1,1,0,0,3,1
361,37,male,3,own,,rich,3399,12,radio/TV,"0,00103905","0,639711695",B,1,1,-1,2,5,1
325,39,male,1,own,little,little,3398,8,car,"0,001038744","0,640750439",B,1,1,0,0,1,1
438,65,male,0,own,little,little,3394,42,repairs,"0,001037521","0,64178796",B,1,1,0,0,6,1
457,35,male,2,free,little,little,3386,12,car,"0,001035076","0,642823036",B,1,0,0,0,1,1
335,44,male,3,rent,little,little,3384,6,furniture/equipment,"0,001034464","0,643857501",B,1,2,0,0,4,1
734,37,female,2,own,little,,3380,4,car,"0,001033242","0,644890742",B,0,1,0,-1,1,1
53,31,male,2,own,,,3378,18,car,"0,00103263","0,645923373",B,1,1,-1,-1,1,1
280,23,male,2,rent,rich,,3368,15,car,"0,001029573","0,646952946",B,1,2,3,-1,1,1
612,29,female,2,own,rich,little,3357,21,radio/TV,"0,001026211","0,647979157",B,0,1,3,0,5,1
603,28,female,3,own,little,,3349,36,furniture/equipment,"0,001023765","0,649002922",B,0,1,0,-1,4,1
946,30,male,2,free,quite rich,little,3349,24,furniture/equipment,"0,001023765","0,650026687",B,1,0,2,0,4,1
919,39,male,3,rent,little,little,3345,24,furniture/equipment,"0,001022542","0,651049229",B,1,2,0,0,4,1
857,28,male,2,free,little,,3343,15,furniture/equipment,"0,001021931","0,65207116",B,1,0,0,-1,4,1
214,51,male,2,own,,,3342,36,radio/TV,"0,001021625","0,653092786",B,1,1,-1,-1,5,1
867,42,male,2,own,little,,3331,12,furniture/equipment,"0,001018263","0,654111048",B,1,1,0,-1,4,1
772,36,male,3,own,little,,3275,21,car,"0,001001144","0,655112192",B,1,1,0,-1,1,1
392,39,male,3,free,little,little,3249,36,car,"0,000993196","0,656105388",B,1,0,0,0,1,1
189,33,female,2,own,little,moderate,3244,18,furniture/equipment,"0,000991667","0,657097056",B,0,1,0,1,4,1
408,26,male,3,own,quite rich,,3235,24,radio/TV,"0,000988916","0,658085972",B,1,1,2,-1,5,1
570,23,female,1,rent,little,little,3234,24,furniture/equipment,"0,00098861","0,659074582",B,0,2,0,0,4,1
352,38,male,3,own,,,3229,18,car,"0,000987082","0,660061664",B,1,1,-1,-1,1,1
342,25,male,2,rent,quite rich,moderate,3213,18,radio/TV,"0,000982191","0,661043855",B,1,2,2,1,5,1
909,33,female,1,own,,moderate,3195,9,car,"0,000976688","0,662020544",B,0,1,-1,1,1,1
521,24,female,2,own,little,little,3190,18,radio/TV,"0,00097516","0,662995704",B,0,1,0,0,5,1
420,20,female,2,rent,rich,,3186,15,car,"0,000973937","0,663969641",B,0,2,3,-1,1,1
64,26,female,2,own,little,,3181,24,radio/TV,"0,000972409","0,66494205",B,0,1,0,-1,5,1
914,31,male,2,rent,little,little,3161,24,business,"0,000966295","0,665908345",B,1,2,0,0,0,1
742,41,male,2,own,,,3160,21,radio/TV,"0,000965989","0,666874334",B,1,1,-1,-1,5,1
229,22,male,2,free,little,little,3149,24,furniture/equipment,"0,000962627","0,667836961",B,1,0,0,0,4,1
718,31,male,2,own,,rich,3148,24,radio/TV,"0,000962321","0,668799281",B,1,1,-1,2,5,1
581,49,male,1,own,little,moderate,3124,12,car,"0,000954984","0,669754266",B,1,1,0,1,1,1
500,27,female,2,own,little,little,3123,24,car,"0,000954679","0,670708944",B,0,1,0,0,1,1
475,26,female,2,rent,little,little,3114,18,furniture/equipment,"0,000951927","0,671660872",B,0,2,0,0,4,1
766,31,male,1,own,little,little,3108,30,furniture/equipment,"0,000950093","0,672610965",B,1,1,0,0,4,1
534,25,male,2,own,,,3105,24,radio/TV,"0,000949176","0,673560141",B,1,1,-1,-1,5,1
216,31,male,2,own,little,little,3104,18,business,"0,00094887","0,674509012",B,1,1,0,0,0,1
470,22,male,2,rent,moderate,moderate,3092,24,radio/TV,"0,000945202","0,675454214",B,1,2,1,1,5,1
370,36,male,2,own,,,3079,36,car,"0,000941228","0,676395442",B,1,1,-1,-1,1,1
486,52,male,2,own,little,,3077,12,radio/TV,"0,000940617","0,677336058",B,1,1,0,-1,5,1
716,40,male,2,own,,,3077,30,radio/TV,"0,000940617","0,678276675",B,1,1,-1,-1,5,1
210,33,male,2,own,,,3074,9,radio/TV,"0,0009397","0,679216375",B,1,1,-1,-1,5,1
959,30,male,2,free,moderate,moderate,3069,24,furniture/equipment,"0,000938171","0,680154546",B,1,0,1,1,4,1
794,32,male,2,rent,quite rich,,3062,24,furniture/equipment,"0,000936031","0,681090577",B,1,2,2,-1,4,1
273,28,male,2,own,little,moderate,3060,48,radio/TV,"0,00093542","0,682025997",B,1,1,0,1,5,1
8,61,male,1,own,rich,,3059,12,radio/TV,"0,000935114","0,682961112",B,1,1,3,-1,5,1
813,54,male,2,own,little,little,3051,48,domestic appliances,"0,000932669","0,68389378",B,1,1,0,0,2,1
539,45,female,1,own,little,rich,3049,18,furniture/equipment,"0,000932057","0,684825838",B,0,1,0,2,4,1
194,21,male,2,rent,moderate,moderate,3031,45,radio/TV,"0,000926555","0,685752393",B,1,2,1,1,5,1
749,33,male,2,own,little,,3029,15,car,"0,000925943","0,686678336",B,1,1,0,-1,1,1
218,24,male,1,rent,little,little,3021,24,furniture/equipment,"0,000923498","0,687601834",B,1,2,0,0,4,1
462,34,female,3,rent,little,moderate,3017,12,furniture/equipment,"0,000922275","0,688524109",B,0,2,0,1,4,1
669,47,male,2,own,little,rich,3017,30,radio/TV,"0,000922275","0,689446384",B,1,1,0,2,5,1
821,24,male,2,own,little,rich,3016,12,radio/TV,"0,000921969","0,690368354",B,1,1,0,2,5,1
369,40,female,2,rent,little,moderate,3001,18,furniture/equipment,"0,000917384","0,691285738",B,0,2,0,1,4,1
495,20,male,2,own,,little,2996,24,furniture/equipment,"0,000915856","0,692201593",B,1,1,-1,0,4,1
841,28,male,1,own,little,,2993,21,car,"0,000914939","0,693116532",B,1,1,0,-1,1,1
912,25,female,2,own,,moderate,2991,30,radio/TV,"0,000914327","0,694030859",B,0,1,-1,1,5,1
165,32,male,2,own,quite rich,,2978,6,furniture/equipment,"0,000910353","0,694941212",B,1,1,2,-1,4,1
223,32,male,2,own,,,2978,24,business,"0,000910353","0,695851565",B,1,1,-1,-1,0,1
707,25,female,2,rent,little,moderate,2969,12,furniture/equipment,"0,000907602","0,696759167",B,0,2,0,1,4,1
560,49,male,2,free,,little,2964,24,car,"0,000906073","0,697665241",B,1,0,-1,0,1,1
838,63,male,2,own,little,little,2957,24,car,"0,000903934","0,698569174",B,1,1,0,0,1,1
576,27,female,2,own,little,moderate,2930,12,radio/TV,"0,00089568","0,699464854",B,0,1,0,1,5,1
465,63,male,2,own,little,little,2924,24,car,"0,000893846","0,7003587",B,1,1,0,0,1,1
982,28,female,3,own,moderate,rich,2923,21,car,"0,00089354","0,70125224",B,0,1,1,2,1,1
322,34,male,3,free,little,little,2910,24,car,"0,000889566","0,702141806",B,1,0,0,0,1,1
767,31,female,2,rent,,,2901,10,car,"0,000886815","0,703028621",B,0,2,-1,-1,1,1
404,43,male,2,own,,moderate,2899,18,car,"0,000886203","0,703914824",B,1,1,-1,1,1,1
692,29,male,2,own,moderate,moderate,2896,24,radio/TV,"0,000885286","0,704800111",B,1,1,1,1,5,1
793,51,male,2,free,little,rich,2892,24,furniture/equipment,"0,000884064","0,705684174",B,1,0,0,2,4,1
160,36,male,2,own,moderate,,2872,24,radio/TV,"0,00087795","0,706562124",B,1,1,1,-1,5,1
543,34,male,1,own,little,rich,2864,18,furniture/equipment,"0,000875504","0,707437628",B,1,1,0,2,4,1
687,30,male,2,free,moderate,moderate,2862,36,car,"0,000874893","0,708312521",B,1,0,1,1,1,1
947,38,male,3,own,,,2859,12,car,"0,000873976","0,709186496",B,1,1,-1,-1,1,1
916,32,male,2,own,moderate,,2848,10,car,"0,000870613","0,71005711",B,1,1,1,-1,1,1
6,53,male,2,own,quite rich,,2835,24,furniture/equipment,"0,000866639","0,710923749",B,1,1,2,-1,4,1
974,33,female,2,own,little,,2831,30,radio/TV,"0,000865416","0,711789165",B,0,1,0,-1,5,1
605,22,male,2,own,quite rich,little,2828,24,furniture/equipment,"0,000864499","0,712653664",B,1,1,2,0,4,1
886,34,male,2,own,,moderate,2825,24,business,"0,000863582","0,713517246",B,1,1,-1,1,0,1
578,27,male,2,own,little,moderate,2820,36,car,"0,000862054","0,7143793",B,1,1,0,1,1,1
770,26,female,2,rent,,little,2812,24,car,"0,000859608","0,715238908",B,0,2,-1,0,1,1
586,36,male,2,rent,little,little,2799,9,car,"0,000855634","0,716094542",B,1,2,0,0,1,1
575,24,female,2,own,little,,2788,15,furniture/equipment,"0,000852272","0,716946814",B,0,1,0,-1,4,1
418,31,female,3,own,quite rich,,2782,21,car,"0,000850437","0,717797251",B,0,1,2,-1,1,1
425,21,male,2,rent,little,moderate,2779,18,car,"0,00084952","0,718646771",B,1,2,0,1,1,1
598,31,male,2,own,little,,2775,18,car,"0,000848298","0,719495069",B,1,1,0,-1,1,1
237,61,male,1,rent,moderate,moderate,2767,21,business,"0,000845852","0,720340921",B,1,2,1,1,0,1
468,26,female,2,own,little,,2764,33,business,"0,000844935","0,721185856",B,0,1,0,-1,0,1
424,25,female,2,own,,moderate,2762,12,furniture/equipment,"0,000844323","0,722030179",B,0,1,-1,1,4,1
198,36,male,2,free,,moderate,2760,24,car,"0,000843712","0,722873891",B,1,0,-1,1,1,1
452,34,male,2,own,little,,2759,12,furniture/equipment,"0,000843406","0,723717298",B,1,1,0,-1,4,1
688,35,male,2,own,moderate,,2753,9,radio/TV,"0,000841572","0,72455887",B,1,1,1,-1,5,1
787,38,male,2,own,,,2751,48,car,"0,000840961","0,725399831",B,1,1,-1,-1,1,1
263,57,female,1,free,little,,2748,12,education,"0,000840044","0,726239875",B,0,0,0,-1,3,1
315,31,male,2,own,little,little,2746,36,furniture/equipment,"0,000839432","0,727079307",B,1,1,0,0,4,1
299,32,male,2,own,rich,moderate,2745,21,furniture/equipment,"0,000839127","0,727918434",B,1,1,3,1,4,1
426,29,male,2,own,little,,2743,28,radio/TV,"0,000838515","0,728756949",B,1,1,0,-1,5,1
138,35,male,2,own,,moderate,2728,15,radio/TV,"0,00083393","0,729590879",B,1,1,-1,1,5,1
593,20,female,1,rent,little,moderate,2718,24,car,"0,000830873","0,730421752",B,0,2,0,1,1,1
822,41,male,2,own,little,little,2712,36,furniture/equipment,"0,000829039","0,731250791",B,1,1,0,0,4,1
132,27,male,1,own,little,,2708,15,furniture/equipment,"0,000827816","0,732078607",B,1,1,0,-1,4,1
275,32,male,2,own,little,,2697,9,radio/TV,"0,000824453","0,732903061",B,1,1,0,-1,5,1
512,26,male,2,rent,little,rich,2687,15,business,"0,000821397","0,733724457",B,1,2,0,2,0,1
256,35,male,1,own,little,,2684,24,radio/TV,"0,000820479","0,734544937",B,1,1,0,-1,5,1
455,29,female,3,own,little,,2679,24,car,"0,000818951","0,735363888",B,0,1,0,-1,1,1
786,40,male,2,own,quite rich,,2675,22,radio/TV,"0,000817728","0,736181616",B,1,1,2,-1,5,1
607,50,female,2,free,moderate,moderate,2671,36,radio/TV,"0,000816505","0,736998121",B,0,0,1,1,5,1
453,35,male,3,own,little,,2670,24,car,"0,0008162","0,737814321",B,1,1,0,-1,1,1
270,32,male,2,own,,,2662,18,car,"0,000813754","0,738628075",B,1,1,-1,-1,1,1
323,28,male,2,own,rich,little,2659,18,furniture/equipment,"0,000812837","0,739440912",B,1,1,3,0,4,1
21,44,male,2,rent,quite rich,little,2647,6,radio/TV,"0,000809169","0,740250081",B,1,2,2,0,5,1
531,28,female,2,rent,moderate,moderate,2631,15,car,"0,000804278","0,741054359",B,0,2,1,1,1,1
691,25,female,1,own,moderate,moderate,2631,15,repairs,"0,000804278","0,741858637",B,0,1,1,1,6,1
442,29,male,2,own,little,moderate,2629,20,vacation/others,"0,000803666","0,742662303",B,1,1,0,1,7,1
900,43,male,2,rent,little,little,2625,16,car,"0,000802444","0,743464747",B,1,2,0,0,1,1
97,34,male,2,own,moderate,moderate,2622,18,business,"0,000801527","0,744266273",B,1,1,1,1,0,1
225,27,male,2,own,little,,2613,36,repairs,"0,000798775","0,745065048",B,1,1,0,-1,6,1
839,46,male,2,own,little,,2611,24,radio/TV,"0,000798164","0,745863212",B,1,1,0,-1,5,1
896,28,female,3,rent,little,little,2606,21,radio/TV,"0,000796635","0,746659848",B,0,2,0,0,5,1
733,28,female,2,rent,rich,,2603,24,car,"0,000795718","0,747455566",B,0,2,3,-1,1,1
624,65,male,2,free,little,little,2600,18,radio/TV,"0,000794801","0,748250367",B,1,0,0,0,5,1
674,41,male,1,own,quite rich,,2580,21,business,"0,000788687","0,749039055",B,1,1,2,-1,0,1
416,33,male,1,own,little,little,2579,12,car,"0,000788382","0,749827436",B,1,1,0,0,1,1
396,55,female,3,free,little,little,2578,12,furniture/equipment,"0,000788076","0,750615512",B,0,0,0,0,4,1
567,34,male,2,own,rich,,2578,24,radio/TV,"0,000788076","0,751403588",B,1,1,3,-1,5,1
176,42,male,2,own,little,little,2577,12,furniture/equipment,"0,00078777","0,752191359",B,1,1,0,0,4,1
447,35,male,2,own,little,moderate,2576,7,radio/TV,"0,000787465","0,752978823",B,1,1,0,1,5,1
724,21,female,2,rent,little,,2570,27,car,"0,00078563","0,753764454",B,0,2,0,-1,1,1
476,24,male,2,own,quite rich,,2569,39,car,"0,000785325","0,754549779",B,1,1,2,-1,1,1
978,47,male,1,own,little,,2538,24,car,"0,000775848","0,755325627",B,1,1,0,-1,1,1
704,32,female,2,own,little,moderate,2528,27,business,"0,000772791","0,756098418",B,0,1,0,1,0,1
239,39,male,2,own,little,little,2522,30,radio/TV,"0,000770957","0,756869376",B,1,1,0,0,5,1
966,23,male,1,own,quite rich,moderate,2520,27,radio/TV,"0,000770346","0,757639721",B,1,1,2,1,5,1
298,43,male,2,own,little,,2515,18,furniture/equipment,"0,000768817","0,758408539",B,1,1,0,-1,4,1
746,23,female,2,rent,little,little,2511,15,car,"0,000767595","0,759176133",B,0,2,0,0,1,1
231,51,male,1,free,quite rich,,2507,9,car,"0,000766372","0,759942505",B,1,0,2,-1,1,1
703,41,male,2,own,moderate,moderate,2503,30,business,"0,000765149","0,760707654",B,1,1,1,1,0,1
743,22,male,2,own,quite rich,little,2483,24,furniture/equipment,"0,000759035","0,76146669",B,1,1,2,0,4,1
712,46,male,3,own,,,2476,21,car,"0,000756895","0,762223585",B,1,1,-1,-1,1,1
364,25,male,0,own,little,little,2473,18,furniture/equipment,"0,000755978","0,762979563",B,1,1,0,0,4,1
764,27,male,2,own,moderate,,2463,24,car,"0,000752921","0,763732485",B,1,1,1,-1,1,1
143,22,male,2,own,little,little,2462,18,furniture/equipment,"0,000752616","0,7644851",B,1,1,0,0,4,1
104,26,male,2,rent,,,2445,12,car,"0,000747419","0,765232519",B,1,2,-1,-1,1,1
890,43,male,3,own,little,little,2442,27,business,"0,000746502","0,765979021",B,1,1,0,0,0,1
862,35,female,2,own,little,little,2439,24,radio/TV,"0,000745585","0,766724606",B,0,1,0,0,5,1
977,42,male,2,own,,moderate,2427,18,business,"0,000741916","0,767466522",B,1,1,-1,1,0,1
16,53,male,2,own,,,2424,24,radio/TV,"0,000740999","0,768207521",B,1,1,-1,-1,5,1
28,34,male,2,own,little,moderate,2415,7,radio/TV,"0,000738248","0,768945769",B,1,1,0,1,5,1
359,23,female,2,rent,little,little,2406,30,furniture/equipment,"0,000735497","0,769681266",B,0,2,0,0,4,1
394,31,male,3,own,little,,2406,9,furniture/equipment,"0,000735497","0,770416763",B,1,1,0,-1,4,1
276,26,female,2,own,little,,2404,18,radio/TV,"0,000734885","0,771151649",B,0,1,0,-1,5,1
963,35,male,2,own,quite rich,,2397,24,radio/TV,"0,000732746","0,771884394",B,1,1,2,-1,5,1
69,25,female,2,own,,,2394,36,radio/TV,"0,000731829","0,772616223",B,0,1,-1,-1,5,1
994,50,male,2,own,,,2390,12,car,"0,000730606","0,773346829",B,1,1,-1,-1,1,1
866,27,female,2,own,little,little,2389,18,radio/TV,"0,0007303","0,774077129",B,0,1,0,0,5,1
583,33,male,1,rent,little,moderate,2384,36,repairs,"0,000728772","0,7748059",B,1,2,0,1,6,1
678,64,male,1,rent,little,little,2384,24,radio/TV,"0,000728772","0,775534672",B,1,2,0,0,5,1
830,44,male,2,own,quite rich,,2375,24,business,"0,00072602","0,776260692",B,1,1,2,-1,0,1
119,36,male,3,own,quite rich,moderate,2366,12,car,"0,000723269","0,776983962",B,1,1,2,1,1,1
506,36,male,2,own,quite rich,rich,2360,15,car,"0,000721435","0,777705397",B,1,1,2,2,1,1
918,33,male,2,own,moderate,little,2359,24,furniture/equipment,"0,000721129","0,778426526",B,1,1,1,0,4,1
961,47,male,2,own,little,moderate,2353,21,car,"0,000719295","0,779145821",B,1,1,0,1,1,1
397,46,male,2,own,little,little,2348,36,furniture/equipment,"0,000717767","0,779863588",B,1,1,0,0,4,1
654,35,male,2,own,little,,2346,24,car,"0,000717155","0,780580743",B,1,1,0,-1,1,1
98,36,male,2,own,little,moderate,2337,36,radio/TV,"0,000714404","0,781295147",B,1,1,0,1,5,1
40,30,male,3,own,quite rich,,2333,30,radio/TV,"0,000713181","0,782008328",B,1,1,2,-1,5,1
50,29,male,1,own,,moderate,2333,24,furniture/equipment,"0,000713181","0,78272151",B,1,1,-1,1,4,1
356,49,male,2,own,,,2331,12,radio/TV,"0,00071257","0,783434079",B,1,1,-1,-1,5,1
600,45,female,2,own,little,moderate,2329,7,radio/TV,"0,000711959","0,784146038",B,0,1,0,1,5,1
834,25,female,1,own,little,rich,2327,15,radio/TV,"0,000711347","0,784857385",B,0,1,0,2,5,1
388,27,male,2,own,quite rich,moderate,2326,15,business,"0,000711041","0,785568427",B,1,1,2,1,0,1
740,32,male,2,own,moderate,little,2325,24,car,"0,000710736","0,786279162",B,1,1,1,0,1,1
101,24,male,2,rent,little,moderate,2323,36,radio/TV,"0,000710124","0,786989287",B,1,2,0,1,5,1
376,34,male,2,own,little,,2320,18,radio/TV,"0,000709207","0,787698494",C,1,1,0,-1,5,2
535,33,male,2,rent,little,rich,2319,21,education,"0,000708902","0,788407396",C,1,2,0,2,3,2
84,52,male,1,own,little,little,2315,10,radio/TV,"0,000707679","0,789115074",C,1,1,0,0,5,2
652,45,male,2,own,little,little,2303,24,car,"0,000704011","0,789819085",C,1,1,0,0,1,2
528,31,male,2,rent,little,little,2302,36,radio/TV,"0,000703705","0,79052279",C,1,2,0,0,5,2
795,22,female,2,rent,moderate,,2301,9,furniture/equipment,"0,000703399","0,791226189",C,0,2,1,-1,4,2
46,39,male,2,own,quite rich,,2299,36,radio/TV,"0,000702788","0,791928977",C,1,1,2,-1,5,2
412,42,male,3,own,little,,2292,12,business,"0,000700648","0,792629624",C,1,1,0,-1,0,2
144,23,female,2,own,little,,2288,21,furniture/equipment,"0,000699425","0,79332905",C,0,1,0,-1,4,2
694,28,male,2,own,little,,2284,24,radio/TV,"0,000698202","0,794027252",C,1,1,0,-1,5,2
681,37,male,2,free,,,2279,12,radio/TV,"0,000696674","0,794723926",C,1,0,-1,-1,5,2
556,28,female,2,own,moderate,moderate,2278,18,car,"0,000696368","0,795420294",C,0,1,1,1,1,2
530,32,male,2,own,little,moderate,2273,36,education,"0,00069484","0,796115134",C,1,1,0,1,3,2
514,54,male,2,own,,,2255,24,car,"0,000689337","0,796804471",C,1,1,-1,-1,1,2
251,46,female,1,own,little,rich,2251,12,furniture/equipment,"0,000688114","0,797492585",C,0,1,0,2,4,2
88,30,male,3,own,moderate,little,2249,18,car,"0,000687503","0,798180089",C,1,1,1,0,1,2
362,36,female,2,own,little,rich,2247,12,car,"0,000686892","0,79886698",C,0,1,0,2,1,2
589,60,male,2,own,little,little,2246,12,furniture/equipment,"0,000686586","0,799553566",C,1,1,0,0,4,2
22,48,male,1,rent,little,little,2241,10,car,"0,000685058","0,800238624",C,1,2,0,0,1,2
662,50,male,2,own,little,,2241,21,furniture/equipment,"0,000685058","0,800923681",C,1,1,0,-1,4,2
385,25,female,2,own,little,,2238,18,radio/TV,"0,00068414","0,801607822",C,0,1,0,-1,5,2
850,33,male,2,rent,little,little,2235,20,car,"0,000683223","0,802291045",C,1,2,0,0,1,2
54,57,male,2,free,little,moderate,2225,36,car,"0,000680166","0,802971212",C,1,0,0,1,1,2
773,52,male,2,own,moderate,,2223,24,radio/TV,"0,000679555","0,803650767",C,1,1,1,-1,5,2
865,20,female,2,rent,quite rich,,2221,15,furniture/equipment,"0,000678944","0,80432971",C,0,2,2,-1,4,2
762,24,male,1,own,little,little,2214,12,radio/TV,"0,000676804","0,805006514",C,1,1,0,0,5,2
380,39,male,2,own,,little,2212,20,furniture/equipment,"0,000676192","0,805682707",C,1,1,-1,0,4,2
864,25,male,1,rent,little,,2210,10,furniture/equipment,"0,000675581","0,806358288",C,1,2,0,-1,4,2
406,43,male,2,own,,,2197,24,car,"0,000671607","0,807029895",C,1,1,-1,-1,1,2
898,33,female,1,rent,,,2186,15,furniture/equipment,"0,000668244","0,807698139",C,0,2,-1,-1,4,2
882,36,male,2,own,,moderate,2181,30,car,"0,000666716","0,808364855",C,1,1,-1,1,1,2
66,29,female,2,own,little,,2171,12,radio/TV,"0,000663659","0,809028514",C,0,1,0,-1,5,2
892,38,male,1,own,little,little,2171,12,car,"0,000663659","0,809692173",C,1,1,0,0,1,2
861,28,male,2,own,little,,2169,18,business,"0,000663048","0,810355221",C,1,1,0,-1,0,2
252,24,female,2,own,little,moderate,2150,30,car,"0,00065724","0,811012461",C,0,1,0,1,1,2
257,29,male,2,free,little,little,2149,12,radio/TV,"0,000656934","0,811669394",C,1,0,0,0,5,2
372,23,female,2,rent,little,,2146,10,furniture/equipment,"0,000656017","0,812325411",C,0,2,0,-1,4,2
951,24,male,2,own,little,little,2145,36,business,"0,000655711","0,812981122",C,1,1,0,0,0,2
913,28,male,2,own,rich,,2142,11,business,"0,000654794","0,813635916",C,1,1,3,-1,0,2
232,35,male,2,own,moderate,,2141,12,radio/TV,"0,000654488","0,814290404",C,1,1,1,-1,5,2
434,25,male,2,own,little,little,2136,9,furniture/equipment,"0,00065296","0,814943364",C,1,1,0,0,4,2
20,48,male,2,own,little,,2134,9,car,"0,000652348","0,815595713",C,1,1,0,-1,1,2
584,52,female,3,free,,,2133,12,car,"0,000652043","0,816247755",C,0,0,-1,-1,1,2
117,27,female,2,rent,,little,2132,10,furniture/equipment,"0,000651737","0,816899492",C,0,2,-1,0,4,2
761,24,female,2,rent,little,little,2124,18,furniture/equipment,"0,000649291","0,817548784",C,0,2,0,0,4,2
494,39,male,1,rent,little,little,2122,12,car,"0,00064868","0,818197464",C,1,2,0,0,1,2
125,30,male,2,own,little,little,2121,12,car,"0,000648374","0,818845839",C,1,1,0,0,1,2
709,37,male,1,own,little,moderate,2118,9,radio/TV,"0,000647457","0,819493296",C,1,1,0,1,5,2
626,41,male,2,own,little,rich,2116,6,furniture/equipment,"0,000646846","0,820140142",C,1,1,0,2,4,2
193,29,male,2,rent,little,,2108,6,radio/TV,"0,0006444","0,820784542",C,1,2,0,-1,5,2
336,23,female,1,own,little,moderate,2101,13,radio/TV,"0,000642261","0,821426803",C,0,1,0,1,5,2
37,37,male,2,own,little,rich,2100,18,radio/TV,"0,000641955","0,822068758",C,1,1,0,2,5,2
2,49,male,1,own,little,,2096,12,education,"0,000640732","0,82270949",C,1,1,0,-1,3,2
673,24,male,2,own,quite rich,,2080,6,car,"0,000635841","0,823345331",C,1,1,2,-1,1,2
49,28,female,2,own,moderate,,2073,12,radio/TV,"0,000633701","0,823979032",C,0,1,1,-1,5,2
24,26,male,2,own,,,2069,10,furniture/equipment,"0,000632478","0,82461151",C,1,1,-1,-1,4,2
172,34,female,3,own,little,moderate,2064,24,furniture/equipment,"0,00063095","0,82524246",C,0,1,0,1,4,2
937,30,male,3,rent,little,moderate,2063,6,radio/TV,"0,000630644","0,825873104",C,1,2,0,1,5,2
433,33,male,2,own,little,,2058,24,repairs,"0,000629116","0,82650222",C,1,1,0,-1,6,2
608,33,male,2,own,little,,2051,18,radio/TV,"0,000626976","0,827129196",C,1,1,0,-1,5,2
405,22,male,2,own,little,moderate,2039,24,radio/TV,"0,000623308","0,827752504",C,1,1,0,1,5,2
585,20,female,2,rent,little,little,2039,18,furniture/equipment,"0,000623308","0,828375811",C,0,2,0,0,4,2
541,60,male,2,free,little,,2032,24,car,"0,000621168","0,828996979",C,1,0,0,-1,1,2
254,24,male,2,own,,moderate,2030,9,furniture/equipment,"0,000620556","0,829617536",C,1,1,-1,1,4,2
421,30,male,2,own,,moderate,2028,12,car,"0,000619945","0,830237481",C,1,1,-1,1,1,2
984,30,male,1,own,little,,2028,24,furniture/equipment,"0,000619945","0,830857425",C,1,1,0,-1,4,2
546,37,female,2,own,little,,2022,24,car,"0,000618111","0,831475536",C,0,1,0,-1,1,2
96,61,female,2,own,,,2012,12,education,"0,000615054","0,83209059",C,0,1,-1,-1,3,2
923,30,male,2,rent,little,moderate,2002,12,car,"0,000611997","0,832702587",C,1,2,0,1,1,2
553,27,male,2,own,moderate,moderate,1995,12,car,"0,000609857","0,833312444",C,1,1,1,1,1,2
731,21,male,1,rent,little,little,1987,24,radio/TV,"0,000607412","0,833919856",C,1,2,0,0,5,2
133,47,male,2,free,little,,1984,18,furniture/equipment,"0,000606495","0,83452635",C,1,0,0,-1,4,2
633,19,female,2,rent,little,,1980,9,furniture/equipment,"0,000605272","0,835131622",C,0,2,0,-1,4,2
625,35,male,2,own,,,1979,15,radio/TV,"0,000604966","0,835736588",C,1,1,-1,-1,5,2
74,40,male,3,own,,little,1977,36,education,"0,000604355","0,836340943",C,1,1,-1,0,3,2
410,20,female,2,own,little,moderate,1967,24,radio/TV,"0,000601298","0,836942241",C,0,1,0,1,5,2
591,42,female,2,rent,,moderate,1965,24,car,"0,000600686","0,837542927",C,0,2,-1,1,1,2
178,31,male,3,rent,little,,1963,12,radio/TV,"0,000600075","0,838143002",C,1,2,0,-1,5,2
58,23,female,3,own,little,rich,1961,18,car,"0,000599464","0,838742465",C,0,1,0,2,1,2
393,31,female,2,own,little,little,1957,6,radio/TV,"0,000598241","0,839340706",C,0,1,0,0,5,2
62,61,male,3,free,little,moderate,1953,36,business,"0,000597018","0,839937724",C,1,0,0,1,0,2
464,34,male,2,own,little,,1950,18,business,"0,000596101","0,840533825",C,1,1,0,-1,0,2
842,23,female,2,own,little,,1943,18,repairs,"0,000593961","0,841127786",C,0,1,0,-1,6,2
785,35,male,1,own,rich,moderate,1941,18,business,"0,00059335","0,841721136",C,1,1,3,1,0,2
781,60,male,2,own,rich,,1940,24,car,"0,000593044","0,84231418",C,1,1,3,-1,1,2
876,36,male,3,free,little,little,1940,18,radio/TV,"0,000593044","0,842907224",C,1,0,0,0,5,2
321,32,male,2,own,little,little,1938,24,radio/TV,"0,000592433","0,843499657",C,1,1,0,0,5,2
992,23,male,1,rent,,little,1936,18,radio/TV,"0,000591821","0,844091478",C,1,2,-1,0,5,2
169,31,male,2,own,little,moderate,1935,24,business,"0,000591516","0,844682994",C,1,1,0,1,0,2
206,43,male,2,own,little,,1935,12,furniture/equipment,"0,000591516","0,845274509",C,1,1,0,-1,4,2
490,26,male,2,own,little,,1934,12,radio/TV,"0,00059121","0,845865719",C,1,1,0,-1,5,2
559,31,male,1,own,little,moderate,1928,18,furniture/equipment,"0,000589376","0,846455095",C,1,1,0,1,4,2
577,33,female,2,own,,,1927,24,education,"0,00058907","0,847044165",C,0,1,-1,-1,3,2
248,26,male,2,own,little,rich,1925,24,furniture/equipment,"0,000588459","0,847632623",C,1,1,0,2,4,2
124,27,female,2,rent,,moderate,1924,18,furniture/equipment,"0,000588153","0,848220776",C,0,2,-1,1,4,2
151,38,male,2,own,little,,1924,10,radio/TV,"0,000588153","0,848808929",C,1,1,0,-1,5,2
651,37,male,1,own,little,moderate,1922,12,furniture/equipment,"0,000587542","0,849396471",C,1,1,0,1,4,2
103,35,male,2,rent,little,moderate,1919,9,furniture/equipment,"0,000586624","0,849983095",C,1,2,0,1,4,2
935,30,male,3,own,moderate,moderate,1919,30,radio/TV,"0,000586624","0,85056972",C,1,1,1,1,5,2
30,36,male,2,own,rich,moderate,1913,18,business,"0,00058479","0,85115451",C,1,1,3,1,0,2
213,66,male,3,own,little,rich,1908,30,business,"0,000583262","0,851737772",C,1,1,0,2,0,2
699,40,male,3,rent,little,rich,1905,15,education,"0,000582345","0,852320117",C,1,2,0,2,3,2
279,29,male,3,rent,moderate,,1901,24,radio/TV,"0,000581122","0,852901239",C,1,2,1,-1,5,2
159,34,male,1,own,,,1898,6,radio/TV,"0,000580205","0,853481444",C,1,1,-1,-1,5,2
954,29,female,2,own,little,little,1893,12,car,"0,000578676","0,85406012",C,0,1,0,0,1,2
401,28,male,2,own,,moderate,1887,18,business,"0,000576842","0,854636962",C,1,1,-1,1,0,2
440,39,male,3,own,little,,1884,12,car,"0,000575925","0,855212888",C,1,1,0,-1,1,2
727,25,female,2,rent,little,little,1882,18,radio/TV,"0,000575314","0,855788201",C,0,2,0,0,5,2
139,44,female,1,rent,little,rich,1881,12,radio/TV,"0,000575008","0,85636321",C,0,2,0,2,5,2
644,32,male,3,own,little,little,1880,18,radio/TV,"0,000574702","0,856937912",C,1,1,0,0,5,2
432,36,male,3,free,little,little,1872,6,furniture/equipment,"0,000572257","0,857510169",C,1,0,0,0,4,2
928,58,male,2,own,,,1867,30,radio/TV,"0,000570728","0,858080897",C,1,1,-1,-1,5,2
331,30,female,2,own,moderate,,1864,18,education,"0,000569811","0,858650709",C,0,1,1,-1,3,2
128,34,male,3,own,little,moderate,1860,12,car,"0,000568589","0,859219297",C,1,1,0,1,1,2
623,22,female,2,rent,little,little,1858,12,furniture/equipment,"0,000567977","0,859787274",C,0,2,0,0,4,2
643,33,male,2,own,little,,1851,24,radio/TV,"0,000565837","0,860353112",C,1,1,0,-1,5,2
944,46,female,2,rent,little,little,1845,15,furniture/equipment,"0,000564003","0,860917115",C,0,2,0,0,4,2
998,23,male,2,free,little,little,1845,45,radio/TV,"0,000564003","0,861481118",C,1,0,0,0,5,2
446,34,female,2,own,little,little,1842,36,car,"0,000563086","0,862044204",C,0,1,0,0,1,2
602,34,female,1,free,little,moderate,1837,24,education,"0,000561558","0,862605762",C,0,0,0,1,3,2
120,25,female,2,own,little,little,1835,21,radio/TV,"0,000560946","0,863166708",C,0,1,0,0,5,2
891,46,male,2,own,little,,1829,15,radio/TV,"0,000559112","0,86372582",C,1,1,0,-1,5,2
235,30,male,3,own,little,little,1823,24,radio/TV,"0,000557278","0,864283098",C,1,1,0,0,5,2
390,30,male,3,own,little,,1820,18,car,"0,000556361","0,864839459",C,1,1,0,-1,1,2
68,37,male,2,free,little,,1819,36,education,"0,000556055","0,865395515",C,1,0,0,-1,3,2
920,28,female,2,own,little,,1817,18,furniture/equipment,"0,000555444","0,865950958",C,0,1,0,-1,4,2
614,22,female,2,own,little,,1808,18,furniture/equipment,"0,000552693","0,866503651",C,0,1,0,-1,4,2
23,44,male,2,own,moderate,moderate,1804,12,car,"0,00055147","0,867055121",C,1,1,1,1,1,2
698,24,male,2,own,little,,1800,18,radio/TV,"0,000550247","0,867605368",C,1,1,0,-1,5,2
745,28,male,1,own,little,little,1797,13,business,"0,00054933","0,868154698",C,1,1,0,0,0,2
801,48,female,1,rent,little,moderate,1795,18,radio/TV,"0,000548719","0,868703416",C,0,2,0,1,5,2
809,26,female,0,rent,little,moderate,1778,15,car,"0,000543522","0,869246938",C,0,2,0,1,1,2
122,24,male,1,rent,little,,1768,12,furniture/equipment,"0,000540465","0,869787403",C,1,2,0,-1,4,2
363,21,male,2,rent,little,,1766,6,furniture/equipment,"0,000539853","0,870327256",C,1,2,0,-1,4,2
83,58,female,1,own,little,little,1755,24,vacation/others,"0,000536491","0,870863747",C,0,1,0,0,7,2
551,45,male,1,own,quite rich,,1750,6,radio/TV,"0,000534962","0,87139871",C,1,1,2,-1,5,2
930,24,male,1,own,little,little,1747,24,furniture/equipment,"0,000534045","0,871932755",C,1,1,0,0,4,2
348,34,male,1,own,moderate,,1743,6,business,"0,000532823","0,872465577",C,1,1,1,-1,0,2
989,48,male,1,own,little,moderate,1743,24,radio/TV,"0,000532823","0,8729984",C,1,1,0,1,5,2
960,30,male,2,rent,little,,1740,6,radio/TV,"0,000531905","0,873530305",C,1,2,0,-1,5,2
995,31,female,1,own,little,,1736,12,furniture/equipment,"0,000530683","0,874060988",C,0,1,0,-1,4,2
461,36,male,2,own,little,little,1721,15,car,"0,000526097","0,874587085",C,1,1,0,0,1,2
965,26,female,2,own,,moderate,1715,30,radio/TV,"0,000524263","0,875111349",C,0,1,-1,1,5,2
114,35,male,2,own,quite rich,little,1680,12,radio/TV,"0,000513564","0,875624912",C,1,1,2,0,5,2
931,22,female,2,own,little,moderate,1670,9,radio/TV,"0,000510507","0,876135419",C,0,1,0,1,5,2
466,29,female,1,rent,little,little,1659,24,radio/TV,"0,000507144","0,876642564",C,0,2,0,0,5,2
260,27,male,2,own,little,little,1657,12,furniture/equipment,"0,000506533","0,877149097",C,1,1,0,0,4,2
769,63,male,1,own,little,,1655,12,radio/TV,"0,000505922","0,877655018",C,1,1,0,-1,5,2
182,40,male,1,own,,little,1647,21,car,"0,000503476","0,878158494",C,1,1,-1,0,1,2
441,30,female,2,own,little,little,1620,12,furniture/equipment,"0,000495222","0,878653717",C,0,1,0,0,4,2
261,55,female,2,own,little,little,1603,24,radio/TV,"0,000490026","0,879143742",C,0,1,0,0,5,2
825,30,male,2,own,little,little,1602,21,car,"0,00048972","0,879633462",C,1,1,0,0,1,2
413,40,male,1,rent,quite rich,,1597,10,car,"0,000488191","0,880121654",C,1,2,2,-1,1,2
800,54,male,2,free,little,,1597,24,education,"0,000488191","0,880609845",C,1,0,0,-1,3,2
241,51,male,2,own,little,,1595,6,radio/TV,"0,00048758","0,881097425",C,1,1,0,-1,5,2
897,35,female,2,own,rich,,1592,12,furniture/equipment,"0,000486663","0,881584088",C,0,1,3,-1,4,2
423,34,male,3,own,moderate,,1591,21,furniture/equipment,"0,000486357","0,882070445",C,1,1,1,-1,4,2
497,40,male,2,own,little,,1585,24,furniture/equipment,"0,000484523","0,882554968",C,1,1,0,-1,4,2
149,46,male,2,own,rich,,1582,18,radio/TV,"0,000483606","0,883038574",C,1,1,3,-1,5,2
167,20,female,2,own,rich,moderate,1577,11,furniture/equipment,"0,000482078","0,883520652",C,0,1,3,1,4,2
281,50,male,2,own,little,,1574,12,furniture/equipment,"0,00048116","0,884001812",C,1,1,0,-1,4,2
592,36,female,1,own,rich,,1572,21,business,"0,000480549","0,884482361",C,0,1,3,-1,0,2
991,34,male,1,own,moderate,,1569,15,radio/TV,"0,000479632","0,884961993",C,1,1,1,-1,5,2
82,24,female,1,rent,moderate,,1568,18,business,"0,000479326","0,88544132",C,0,2,1,-1,0,2
12,22,female,2,own,little,moderate,1567,12,radio/TV,"0,000479021","0,88592034",C,0,1,0,1,5,2
843,50,male,2,own,little,,1559,24,business,"0,000476575","0,886396915",C,1,1,0,-1,0,2
754,55,male,2,free,rich,,1555,12,repairs,"0,000475352","0,886872267",C,1,0,3,-1,6,2
817,24,female,2,rent,little,,1554,6,radio/TV,"0,000475047","0,887347314",C,0,2,0,-1,5,2
565,23,female,2,rent,moderate,moderate,1553,24,radio/TV,"0,000474741","0,887822055",C,0,2,1,1,5,2
631,44,male,2,own,little,little,1553,18,furniture/equipment,"0,000474741","0,888296796",C,1,1,0,0,4,2
547,32,male,2,own,little,,1552,24,radio/TV,"0,000474435","0,888771231",C,1,1,0,-1,5,2
799,35,male,0,own,,moderate,1549,9,car,"0,000473518","0,889244749",C,1,1,-1,1,1,2
561,24,male,1,rent,little,little,1546,24,radio/TV,"0,000472601","0,88971735",C,1,2,0,0,5,2
941,31,male,1,own,little,,1546,10,car,"0,000472601","0,890189951",C,1,1,0,-1,1,2
234,42,male,1,own,little,,1544,4,radio/TV,"0,00047199","0,890661941",C,1,1,0,-1,5,2
305,33,male,2,own,rich,,1543,6,furniture/equipment,"0,000471684","0,891133625",C,1,1,3,-1,4,2
365,36,male,2,own,little,,1542,12,business,"0,000471378","0,891605003",C,1,1,0,-1,0,2
680,56,female,2,own,little,,1538,6,education,"0,000470156","0,892075159",C,0,1,0,-1,3,2
61,50,male,2,own,,moderate,1537,15,radio/TV,"0,00046985","0,892545009",C,1,1,-1,1,5,2
540,23,male,2,rent,little,moderate,1534,12,radio/TV,"0,000468933","0,893013941",C,1,2,0,1,5,2
267,38,female,2,own,little,,1533,24,radio/TV,"0,000468627","0,893482568",C,0,1,0,-1,5,2
948,43,male,1,own,little,,1533,18,furniture/equipment,"0,000468627","0,893951196",C,1,1,0,-1,4,2
526,31,female,2,own,moderate,,1532,15,education,"0,000468321","0,894419517",C,0,1,1,-1,3,2
621,32,male,2,own,little,,1530,18,car,"0,00046771","0,894887227",C,1,1,0,-1,1,2
75,66,male,3,free,little,little,1526,12,car,"0,000466487","0,895353714",C,1,0,0,0,1,2
327,34,female,2,own,rich,,1525,24,car,"0,000466182","0,895819896",C,0,1,3,-1,1,2
339,31,male,1,own,little,moderate,1521,10,furniture/equipment,"0,000464959","0,896284854",C,1,1,0,1,4,2
283,63,male,2,own,,,1520,15,furniture/equipment,"0,000464653","0,896749507",C,1,1,-1,-1,4,2
399,43,female,1,own,rich,,1516,24,radio/TV,"0,00046343","0,897212938",C,0,1,3,-1,5,2
970,22,male,2,own,moderate,moderate,1514,15,repairs,"0,000462819","0,897675757",C,1,1,1,1,6,2
449,61,male,2,own,rich,moderate,1512,15,repairs,"0,000462208","0,898137964",C,1,1,3,1,6,2
717,32,male,3,free,little,,1505,18,radio/TV,"0,000460068","0,898598032",C,1,0,0,-1,5,2
527,42,male,1,own,little,,1503,4,radio/TV,"0,000459456","0,899057488",C,1,1,0,-1,5,2
532,41,male,2,rent,little,,1503,12,car,"0,000459456","0,899516944",C,1,2,0,-1,1,2
195,34,female,3,own,little,moderate,1501,9,education,"0,000458845","0,899975789",C,0,1,0,1,3,2
934,23,female,2,own,little,little,1498,12,radio/TV,"0,000457928","0,900433717",C,0,1,0,0,5,2
204,38,male,1,own,little,,1495,12,car,"0,000457011","0,900890728",C,1,1,0,-1,1,2
314,29,male,1,own,,rich,1494,4,car,"0,000456705","0,901347433",C,1,1,-1,2,1,2
638,34,female,2,own,little,,1493,12,radio/TV,"0,000456399","0,901803832",C,0,1,0,-1,5,2
435,25,male,2,own,,moderate,1484,12,radio/TV,"0,000453648","0,90225748",C,1,1,-1,1,5,2
774,66,male,0,free,quite rich,rich,1480,12,car,"0,000452425","0,902709905",C,1,0,2,2,1,2
228,22,male,2,own,little,,1478,9,radio/TV,"0,000451814","0,903161719",C,1,1,0,-1,5,2
479,44,male,2,own,little,little,1478,15,furniture/equipment,"0,000451814","0,903613533",C,1,1,0,0,4,2
682,33,male,2,own,little,,1478,15,radio/TV,"0,000451814","0,904065347",C,1,1,0,-1,5,2
34,33,female,3,own,little,rich,1474,12,furniture/equipment,"0,000450591","0,904515939",C,0,1,0,2,4,2
855,33,male,2,own,moderate,,1474,24,car,"0,000450591","0,90496653",C,1,1,1,-1,1,2
400,39,male,2,own,little,,1473,18,radio/TV,"0,000450285","0,905416815",C,1,1,0,-1,5,2
852,35,male,2,free,little,,1471,15,radio/TV,"0,000449674","0,905866489",C,1,0,0,-1,5,2
100,41,male,1,rent,moderate,,1469,24,car,"0,000449063","0,906315552",C,1,2,1,-1,1,2
345,43,female,1,own,little,,1459,15,radio/TV,"0,000446006","0,906761558",C,0,1,0,-1,5,2
943,42,male,1,own,little,,1455,4,car,"0,000444783","0,907206341",C,1,1,0,-1,1,2
679,26,female,2,own,little,,1453,18,radio/TV,"0,000444172","0,907650512",C,0,1,0,-1,5,2
110,31,male,2,own,moderate,moderate,1449,6,business,"0,000442949","0,908093461",C,1,1,1,1,0,2
389,27,female,2,own,little,,1449,9,business,"0,000442949","0,90853641",C,0,1,0,-1,0,2
282,49,male,1,own,,rich,1445,18,radio/TV,"0,000441726","0,908978136",C,1,1,-1,2,5,2
632,23,male,2,own,,moderate,1444,15,radio/TV,"0,00044142","0,909419557",C,1,1,-1,1,5,2
596,23,female,2,rent,little,little,1442,24,car,"0,000440809","0,909860366",C,0,2,0,0,1,2
853,32,male,1,free,little,little,1442,18,car,"0,000440809","0,910301175",C,1,0,0,0,1,2
627,29,male,2,own,moderate,moderate,1437,9,car,"0,000439281","0,910740455",C,1,1,1,1,1,2
985,25,female,2,rent,little,little,1433,15,furniture/equipment,"0,000438058","0,911178513",C,0,2,0,0,4,2
207,26,male,2,own,little,moderate,1424,12,domestic appliances,"0,000435307","0,91161382",C,1,1,0,1,2,2
448,55,female,3,own,,rich,1424,12,furniture/equipment,"0,000435307","0,912049126",C,0,1,-1,2,4,2
878,27,male,3,free,little,little,1422,9,car,"0,000434695","0,912483821",C,1,0,0,0,1,2
488,35,male,1,rent,moderate,,1418,10,car,"0,000433472","0,912917294",C,1,2,1,-1,1,2
173,33,male,2,own,little,moderate,1414,8,radio/TV,"0,00043225","0,913349543",C,1,1,0,1,5,2
209,55,male,2,own,rich,,1413,12,car,"0,000431944","0,913781487",C,1,1,3,-1,1,2
508,28,male,2,own,little,,1413,24,radio/TV,"0,000431944","0,914213431",C,1,1,0,-1,5,2
85,29,female,3,own,little,,1412,12,business,"0,000431638","0,914645069",C,0,1,0,-1,0,2
109,35,male,2,own,quite rich,moderate,1410,14,business,"0,000431027","0,915076096",C,1,1,2,1,0,2
782,31,male,1,own,little,moderate,1410,12,education,"0,000431027","0,915507123",C,1,1,0,1,3,2
91,54,male,2,own,little,little,1409,12,car,"0,000430721","0,915937844",C,1,1,0,0,1,2
987,64,female,2,own,moderate,,1409,13,radio/TV,"0,000430721","0,916368565",C,0,1,1,-1,5,2
14,28,female,2,rent,little,little,1403,15,car,"0,000428887","0,916797452",C,0,2,0,0,1,2
271,37,female,2,rent,quite rich,,1402,12,furniture/equipment,"0,000428581","0,917226034",C,0,2,2,-1,4,2
45,35,female,3,own,little,,1393,11,car,"0,00042583","0,917651864",C,0,1,0,-1,1,2
635,47,male,2,own,little,,1393,12,education,"0,00042583","0,918077694",C,1,1,0,-1,3,2
758,31,male,2,own,little,,1393,24,car,"0,00042583","0,918503524",C,1,1,0,-1,1,2
60,27,male,2,own,little,moderate,1391,9,business,"0,000425219","0,918928742",C,1,1,0,1,0,2
582,26,female,2,rent,little,,1388,9,furniture/equipment,"0,000424302","0,919353044",C,0,2,0,-1,4,2
647,26,female,2,own,quite rich,,1386,12,car,"0,00042369","0,919776734",C,0,1,2,-1,1,2
903,40,male,2,rent,,,1386,15,radio/TV,"0,00042369","0,920200424",C,1,2,-1,-1,5,2
196,28,female,2,own,little,,1382,6,radio/TV,"0,000422467","0,920622892",C,0,1,0,-1,5,2
872,26,male,2,own,moderate,little,1382,24,business,"0,000422467","0,921045359",C,1,1,1,0,0,2
414,35,female,2,own,,little,1381,24,car,"0,000422162","0,921467521",C,0,1,-1,0,1,2
702,47,female,2,free,moderate,rich,1377,24,radio/TV,"0,000420939","0,92188846",C,0,0,1,2,5,2
636,28,female,2,own,quite rich,,1376,24,radio/TV,"0,000420633","0,922309093",C,0,1,2,-1,5,2
25,36,male,1,own,little,little,1374,6,furniture/equipment,"0,000420022","0,922729115",C,1,1,0,0,4,2
536,75,female,3,own,,little,1374,6,car,"0,000420022","0,923149137",C,0,1,-1,0,1,2
566,36,male,2,own,little,little,1372,12,car,"0,000419411","0,923568548",C,1,1,0,0,1,2
775,25,female,2,rent,,little,1371,24,car,"0,000419105","0,923987652",C,0,2,-1,0,1,2
922,22,female,2,rent,little,little,1366,9,radio/TV,"0,000417576","0,924405229",C,0,2,0,0,5,2
219,64,female,2,own,little,,1364,10,car,"0,000416965","0,924822194",C,0,1,0,-1,1,2
848,59,male,2,own,little,little,1364,9,radio/TV,"0,000416965","0,925239159",C,1,1,0,0,5,2
516,40,male,1,own,little,little,1361,6,car,"0,000416048","0,925655207",C,1,1,0,0,1,2
185,31,male,2,own,little,,1360,15,radio/TV,"0,000415742","0,926070949",C,1,1,0,-1,5,2
594,40,male,3,own,,little,1358,24,vacation/others,"0,000415131","0,92648608",C,1,1,-1,0,7,2
634,25,female,1,own,little,moderate,1355,24,car,"0,000414214","0,926900293",C,0,1,0,1,1,2
47,23,female,0,rent,quite rich,little,1352,6,car,"0,000413297","0,92731359",C,0,2,2,0,1,2
686,27,male,2,own,,rich,1347,10,radio/TV,"0,000411768","0,927725358",C,1,1,-1,2,5,2
150,42,male,2,free,moderate,,1346,6,radio/TV,"0,000411463","0,928136821",C,1,0,1,-1,5,2
819,26,male,2,own,little,little,1345,18,radio/TV,"0,000411157","0,928547978",C,1,1,0,0,5,2
302,37,male,1,own,,rich,1344,24,car,"0,000410851","0,928958829",C,1,1,-1,2,1,2
929,43,male,1,own,little,little,1344,12,car,"0,000410851","0,92936968",C,1,1,0,0,1,2
871,46,male,2,own,little,rich,1343,6,car,"0,000410545","0,929780225",C,1,1,0,2,1,2
816,62,male,2,own,quite rich,,1338,6,domestic appliances,"0,000409017","0,930189242",C,1,1,2,-1,2,2
720,34,male,3,own,little,rich,1337,9,radio/TV,"0,000408711","0,930597953",C,1,1,0,2,5,2
545,43,male,2,free,little,little,1333,24,car,"0,000407488","0,931005442",C,1,0,0,0,1,2
555,22,male,2,own,little,moderate,1331,12,radio/TV,"0,000406877","0,931412319",C,1,1,0,1,5,2
383,26,male,2,own,little,rich,1330,12,car,"0,000406571","0,93181889",C,1,1,0,2,1,2
499,28,male,2,own,moderate,rich,1323,6,car,"0,000404432","0,932223322",C,1,1,1,2,1,2
875,40,female,2,own,rich,moderate,1322,11,car,"0,000404126","0,932627448",C,0,1,3,1,1,2
94,54,male,2,own,rich,moderate,1318,12,car,"0,000402903","0,933030351",C,1,1,3,1,1,2
726,47,male,1,own,quite rich,,1316,15,radio/TV,"0,000402292","0,933432643",C,1,1,2,-1,5,2
428,20,male,2,own,little,,1313,9,furniture/equipment,"0,000401375","0,933834017",C,1,1,0,-1,4,2
533,26,male,2,own,moderate,,1311,24,radio/TV,"0,000400763","0,934234781",C,1,1,1,-1,5,2
505,27,male,1,own,,,1309,10,car,"0,000400152","0,934634932",C,1,1,-1,-1,1,2
641,38,male,1,own,little,moderate,1308,15,repairs,"0,000399846","0,935034779",C,1,1,0,1,6,2
498,32,male,1,own,little,moderate,1301,18,radio/TV,"0,000397706","0,935432485",C,1,1,0,1,5,2
609,45,male,2,free,,,1300,15,car,"0,000397401","0,935829886",C,1,0,-1,-1,1,2
756,74,male,0,own,little,rich,1299,6,car,"0,000397095","0,936226981",C,1,1,0,2,1,2
660,23,male,2,rent,little,rich,1297,12,radio/TV,"0,000396484","0,936623464",C,1,2,0,2,5,2
10,25,female,2,rent,little,moderate,1295,12,car,"0,000395872","0,937019336",C,0,2,0,1,1,2
86,27,female,2,own,little,moderate,1295,18,furniture/equipment,"0,000395872","0,937415208",C,0,1,0,1,4,2
238,35,female,2,own,little,,1291,12,radio/TV,"0,000394649","0,937809858",C,0,1,0,-1,5,2
587,21,male,1,own,little,little,1289,12,furniture/equipment,"0,000394038","0,938203896",C,1,1,0,0,4,2
156,48,male,2,own,moderate,little,1288,9,repairs,"0,000393732","0,938597628",C,1,1,1,0,6,2
297,45,male,1,own,,,1287,10,car,"0,000393427","0,938991055",C,1,1,-1,-1,1,2
437,37,female,2,own,rich,,1287,24,car,"0,000393427","0,939384481",C,0,1,3,-1,1,2
755,32,female,2,rent,,little,1285,24,car,"0,000392815","0,939777297",C,0,2,-1,0,1,2
382,25,female,2,rent,,,1283,22,car,"0,000392204","0,940169501",C,0,2,-1,-1,1,2
15,32,female,1,own,moderate,little,1282,24,radio/TV,"0,000391898","0,940561399",C,0,1,1,0,5,2
155,20,female,2,rent,little,little,1282,12,furniture/equipment,"0,000391898","0,940953297",C,0,2,0,0,4,2
904,36,male,3,own,little,,1278,24,radio/TV,"0,000390675","0,941343972",C,1,1,0,-1,5,2
337,24,female,2,rent,,little,1275,15,domestic appliances,"0,000389758","0,941733731",C,0,2,-1,0,2,2
604,23,female,2,own,little,rich,1275,10,furniture/equipment,"0,000389758","0,942123489",C,0,1,0,2,4,2
729,36,male,2,own,rich,rich,1275,24,business,"0,000389758","0,942513247",C,1,1,3,2,0,2
747,37,female,1,own,little,little,1274,12,car,"0,000389453","0,9429027",C,0,1,0,0,1,2
757,39,male,2,free,,rich,1271,15,radio/TV,"0,000388536","0,943291235",C,1,0,-1,2,5,2
33,57,male,1,rent,,,1264,12,business,"0,000386396","0,943677631",C,1,2,-1,-1,0,2
979,25,male,2,rent,moderate,moderate,1264,15,car,"0,000386396","0,944064027",C,1,2,1,1,1,2
52,25,male,2,own,little,,1262,12,radio/TV,"0,000385784","0,944449811",C,1,1,0,-1,5,2
162,36,male,2,own,quite rich,,1262,15,domestic appliances,"0,000385784","0,944835595",C,1,1,2,-1,2,2
277,49,male,1,own,,little,1262,12,furniture/equipment,"0,000385784","0,94522138",C,1,1,-1,0,4,2
245,25,male,2,own,little,,1258,24,business,"0,000384562","0,945605941",C,1,1,0,-1,0,2
797,22,female,1,rent,little,,1258,12,furniture/equipment,"0,000384562","0,945990503",C,0,2,0,-1,4,2
975,57,female,1,own,quite rich,rich,1258,24,radio/TV,"0,000384562","0,946375064",C,0,1,2,2,5,2
544,61,male,1,own,little,,1255,12,car,"0,000383644","0,946758709",C,1,1,0,-1,1,2
847,28,male,2,own,little,,1249,24,car,"0,00038181","0,947140519",C,1,1,0,-1,1,2
355,23,male,1,own,little,moderate,1246,24,car,"0,000380893","0,947521412",C,1,1,0,1,1,2
474,33,male,2,own,little,moderate,1245,18,radio/TV,"0,000380588","0,947902",C,1,1,0,1,5,2
445,41,female,1,rent,,,1244,9,education,"0,000380282","0,948282282",C,0,2,-1,-1,3,2
135,38,female,2,own,,,1240,12,radio/TV,"0,000379059","0,948661341",C,0,1,-1,-1,5,2
611,48,female,1,free,moderate,rich,1240,10,car,"0,000379059","0,9490404",C,0,0,1,2,1,2
360,61,male,2,free,,moderate,1239,18,education,"0,000378753","0,949419153",C,1,0,-1,1,3,2
473,36,male,3,own,,,1238,6,education,"0,000378448","0,949797601",C,1,1,-1,-1,3,2
308,24,female,2,own,little,moderate,1237,8,furniture/equipment,"0,000378142","0,950175743",C,0,1,0,1,4,2
492,27,female,2,own,moderate,,1237,6,radio/TV,"0,000378142","0,950553885",C,0,1,1,-1,5,2
350,23,female,2,rent,little,,1236,9,domestic appliances,"0,000377836","0,950931721",C,0,2,0,-1,2,2
695,50,male,2,rent,quite rich,,1236,6,car,"0,000377836","0,951309557",C,1,2,2,-1,1,2
264,32,male,1,own,little,,1231,10,car,"0,000376308","0,951685865",C,1,1,0,-1,1,2
955,57,female,3,rent,rich,little,1231,24,radio/TV,"0,000376308","0,952062173",C,0,2,3,0,5,2
722,24,female,1,own,little,little,1228,12,car,"0,000375391","0,952437564",C,0,1,0,0,1,2
38,37,male,2,own,little,rich,1225,10,domestic appliances,"0,000374474","0,952812037",C,1,1,0,2,2,2
932,30,male,2,own,little,,1224,9,car,"0,000374168","0,953186205",C,1,1,0,-1,1,2
398,46,male,2,rent,little,moderate,1223,12,car,"0,000373862","0,953560068",C,1,2,0,1,1,2
792,27,male,2,own,,,1221,6,furniture/equipment,"0,000373251","0,953933319",C,1,1,-1,-1,4,2
588,47,male,1,own,little,little,1217,18,domestic appliances,"0,000372028","0,954305347",C,1,1,0,0,2,2
503,38,male,2,own,moderate,moderate,1216,24,radio/TV,"0,000371722","0,954677069",C,1,1,1,1,5,2
831,23,female,2,rent,little,little,1216,18,car,"0,000371722","0,955048792",C,0,2,0,0,1,2
81,47,male,2,own,quite rich,,1213,15,radio/TV,"0,000370805","0,955419597",C,1,1,2,-1,5,2
485,47,male,3,own,little,moderate,1209,6,car,"0,000369583","0,95578918",C,1,1,0,1,1,2
504,24,female,2,rent,little,little,1207,24,car,"0,000368971","0,956158151",C,0,2,0,0,1,2
708,25,female,2,own,little,moderate,1206,9,radio/TV,"0,000368666","0,956526816",C,0,1,0,1,5,2
247,35,male,2,rent,moderate,,1204,6,car,"0,000368054","0,95689487",C,1,2,1,-1,1,2
518,43,male,2,own,moderate,little,1203,6,car,"0,000367748","0,957262619",C,1,1,1,0,1,2
481,26,male,2,own,little,moderate,1201,24,car,"0,000367137","0,957629756",C,1,1,0,1,1,2
221,23,female,2,rent,,little,1200,12,education,"0,000366831","0,957996587",C,0,2,-1,0,3,2
13,60,male,1,own,little,little,1199,24,car,"0,000366526","0,958363113",C,1,1,0,0,1,2
554,67,female,3,own,little,moderate,1199,9,education,"0,000366526","0,958729639",C,0,1,0,1,3,2
711,35,female,2,free,little,little,1198,6,education,"0,00036622","0,959095859",C,0,0,0,0,3,2
972,29,female,0,rent,little,little,1193,24,car,"0,000364692","0,95946055",C,0,2,0,0,1,2
429,55,female,0,free,little,little,1190,18,repairs,"0,000363774","0,959824324",C,0,0,0,0,6,2
790,39,female,2,own,little,moderate,1188,21,business,"0,000363163","0,960187488",C,0,1,0,1,0,2
243,27,female,2,own,little,,1185,12,business,"0,000362246","0,960549733",C,0,1,0,-1,0,2
187,68,male,0,free,little,moderate,1175,16,car,"0,000359189","0,960908923",C,1,0,0,1,1,2
0,67,male,2,own,,little,1169,6,radio/TV,"0,000357355","0,961266277",C,1,1,-1,0,5,2
894,29,male,2,own,,,1169,18,radio/TV,"0,000357355","0,961623632",C,1,1,-1,-1,5,2
201,27,male,1,own,little,little,1168,12,car,"0,000357049","0,961980681",C,1,1,0,0,1,2
72,51,male,3,free,little,little,1164,8,vacation/others,"0,000355826","0,962336508",C,1,0,0,0,7,2
484,44,male,2,own,quite rich,,1163,12,car,"0,000355521","0,962692029",C,1,1,2,-1,1,2
41,26,male,2,own,quite rich,moderate,1158,12,radio/TV,"0,000353992","0,963046021",C,1,1,2,1,5,2
765,40,male,1,own,little,moderate,1155,12,radio/TV,"0,000353075","0,963399096",C,1,1,0,1,5,2
259,57,female,1,own,moderate,,1154,11,radio/TV,"0,000352769","0,963751865",C,0,1,1,-1,5,2
957,37,male,1,own,little,moderate,1154,9,radio/TV,"0,000352769","0,964104635",C,1,1,0,1,5,2
427,46,male,2,own,rich,,1149,18,radio/TV,"0,000351241","0,964455876",C,1,1,3,-1,5,2
713,25,male,1,own,little,little,1138,9,radio/TV,"0,000347878","0,964803754",C,1,1,0,0,5,2
349,32,male,2,free,rich,moderate,1136,9,education,"0,000347267","0,965151021",C,1,0,3,1,3,2
166,33,female,2,own,little,little,1131,18,furniture/equipment,"0,000345739","0,96549676",C,0,1,0,0,4,2
386,21,female,2,rent,,,1126,18,radio/TV,"0,00034421","0,96584097",C,0,2,-1,-1,5,2
502,49,male,2,own,moderate,rich,1126,9,radio/TV,"0,00034421","0,96618518",C,1,1,1,2,5,2
700,29,female,1,rent,quite rich,,1123,12,furniture/equipment,"0,000343293","0,966528473",C,0,2,2,-1,4,2
524,26,female,1,own,little,moderate,1113,18,radio/TV,"0,000340236","0,966868709",C,0,1,0,1,5,2
89,28,male,2,own,little,little,1108,12,repairs,"0,000338708","0,967207417",C,1,1,0,0,6,2
905,20,male,3,rent,little,little,1107,12,radio/TV,"0,000338402","0,967545819",C,1,2,0,0,5,2
696,29,male,2,own,little,moderate,1103,12,radio/TV,"0,000337179","0,967882998",C,1,1,0,1,5,2
820,27,male,2,own,little,,1101,12,car,"0,000336568","0,968219566",C,1,1,0,-1,1,2
883,65,female,0,own,little,,1098,18,radio/TV,"0,000335651","0,968555216",C,0,1,0,-1,5,2
288,49,female,2,own,little,moderate,1092,12,radio/TV,"0,000333817","0,968889033",C,0,1,0,1,5,2
574,27,male,1,own,little,moderate,1082,9,radio/TV,"0,00033076","0,969219793",C,1,1,0,1,5,2
835,48,male,2,own,little,little,1082,12,car,"0,00033076","0,969550552",C,1,1,0,0,1,2
290,26,male,2,own,little,,1076,12,business,"0,000328925","0,969879478",C,1,1,0,-1,0,2
329,28,male,2,own,little,moderate,1068,6,radio/TV,"0,00032648","0,970205957",C,1,1,0,1,5,2
580,30,male,2,own,little,moderate,1056,18,car,"0,000322812","0,970528769",C,1,1,0,1,1,2
161,30,female,2,own,little,,1055,18,car,"0,000322506","0,970851275",C,0,1,0,-1,1,2
407,27,male,2,own,little,little,1053,15,radio/TV,"0,000321895","0,971173169",C,1,1,0,0,5,2
663,35,male,3,own,little,moderate,1050,6,furniture/equipment,"0,000320977","0,971494147",C,1,1,0,1,4,2
926,21,female,2,rent,little,little,1049,18,furniture/equipment,"0,000320672","0,971814819",C,0,2,0,0,4,2
741,23,male,1,own,little,moderate,1048,10,radio/TV,"0,000320366","0,972135185",C,1,1,0,1,5,2
664,50,female,1,own,little,rich,1047,6,education,"0,00032006","0,972455245",C,0,1,0,2,3,2
419,33,female,2,own,,moderate,1042,18,car,"0,000318532","0,972773777",C,0,1,-1,1,1,2
303,49,male,2,own,little,little,1038,10,car,"0,000317309","0,973091086",C,1,1,0,0,1,2
478,39,male,1,own,moderate,moderate,1037,12,business,"0,000317003","0,973408089",C,1,1,1,1,0,2
324,36,female,2,own,little,,1028,18,car,"0,000314252","0,973722342",C,0,1,0,-1,1,2
289,48,male,2,own,little,little,1024,24,radio/TV,"0,000313029","0,974035371",C,1,1,0,0,5,2
67,22,male,2,own,rich,moderate,1007,12,car,"0,000307833","0,974343204",C,1,1,3,1,1,2
269,25,male,2,own,,,999,24,radio/TV,"0,000305387","0,974648591",C,1,1,-1,-1,5,2
550,23,female,2,own,,,996,12,repairs,"0,00030447","0,974953061",C,0,1,-1,-1,6,2
391,19,female,1,rent,rich,moderate,983,12,furniture/equipment,"0,000300496","0,975253557",C,0,2,3,1,4,2
751,23,female,1,own,little,little,976,18,car,"0,000298356","0,975551913",C,0,1,0,0,1,2
803,35,male,2,own,,,976,12,radio/TV,"0,000298356","0,975850269",C,1,1,-1,-1,5,2
690,25,male,2,own,little,little,975,15,furniture/equipment,"0,00029805","0,97614832",C,1,1,0,0,4,2
483,30,female,2,own,rich,,960,15,furniture/equipment,"0,000293465","0,976441785",C,0,1,3,-1,4,2
351,29,female,2,own,little,moderate,959,9,furniture/equipment,"0,000293159","0,976734944",C,0,1,0,1,4,2
422,47,male,1,own,little,moderate,958,12,car,"0,000292854","0,977027798",C,1,1,0,1,1,2
197,27,female,2,rent,moderate,moderate,951,12,furniture/equipment,"0,000290714","0,977318512",C,0,2,1,1,4,2
170,33,male,2,rent,little,little,950,15,car,"0,000290408","0,97760892",C,1,2,0,0,1,2
648,38,male,2,free,little,rich,947,24,car,"0,000289491","0,977898411",C,1,0,0,2,1,2
409,28,male,2,own,quite rich,rich,939,12,car,"0,000287046","0,978185456",C,1,1,2,2,1,2
579,27,male,1,own,little,,937,24,education,"0,000286434","0,978471891",C,1,1,0,-1,3,2
200,52,male,2,own,quite rich,,936,9,education,"0,000286128","0,978758019",C,1,1,2,-1,3,2
102,24,female,2,own,little,,932,6,radio/TV,"0,000284906","0,979042925",C,0,1,0,-1,5,2
215,39,female,1,own,,moderate,932,6,education,"0,000284906","0,97932783",C,0,1,-1,1,3,2
595,32,female,1,own,moderate,moderate,931,6,car,"0,0002846","0,97961243",C,0,1,1,1,1,2
807,65,male,2,own,,,930,12,radio/TV,"0,000284294","0,979896725",C,1,1,-1,-1,5,2
942,31,male,2,own,,,929,24,furniture/equipment,"0,000283989","0,980180713",C,1,1,-1,-1,4,2
697,38,female,0,own,little,,926,12,car,"0,000283072","0,980463785",C,0,1,0,-1,1,2
601,30,female,2,own,little,moderate,918,9,furniture/equipment,"0,000280626","0,980744411",C,0,1,0,1,4,2
240,29,female,2,own,,little,915,24,car,"0,000279709","0,98102412",C,0,1,-1,0,1,2
164,36,male,2,own,quite rich,,909,36,car,"0,000277875","0,981301995",C,1,1,2,-1,1,2
810,26,male,2,own,little,moderate,907,8,business,"0,000277263","0,981579258",C,1,1,0,1,0,2
203,21,male,2,rent,little,little,902,12,education,"0,000275735","0,981854993",C,1,2,0,0,3,2
661,23,male,2,own,,little,900,12,car,"0,000275124","0,982130116",C,1,1,-1,0,1,2
856,40,female,2,own,,,894,10,education,"0,000273289","0,982403406",C,0,1,-1,-1,3,2
656,41,male,1,own,little,moderate,888,12,car,"0,000271455","0,982674861",C,1,1,0,1,1,2
836,21,female,2,own,,,886,12,radio/TV,"0,000270844","0,982945705",C,0,1,-1,-1,5,2
184,36,male,2,own,little,moderate,884,18,car,"0,000270232","0,983215937",C,1,1,0,1,1,2
346,23,male,2,own,little,moderate,882,13,radio/TV,"0,000269621","0,983485558",C,1,1,0,1,5,2
873,24,female,2,own,,,874,15,domestic appliances,"0,000267176","0,983752734",C,0,1,-1,-1,2,2
233,25,male,1,own,little,moderate,866,18,radio/TV,"0,00026473","0,984017464",C,1,1,0,1,5,2
146,39,female,2,own,little,little,860,6,car,"0,000262896","0,984280359",C,0,1,0,0,1,2
377,36,male,2,free,,,846,7,radio/TV,"0,000258616","0,984538976",C,1,0,-1,-1,5,2
752,23,female,1,rent,moderate,moderate,841,12,business,"0,000257088","0,984796063",C,0,2,1,1,0,2
783,23,female,1,own,moderate,moderate,836,12,car,"0,000255559","0,985051622",C,0,1,1,1,1,2
573,22,female,1,own,little,little,806,15,business,"0,000246388","0,985298011",C,0,1,0,0,0,2
997,38,male,2,own,little,,804,12,radio/TV,"0,000245777","0,985543788",C,1,1,0,-1,5,2
265,37,male,2,own,little,moderate,802,15,radio/TV,"0,000245166","0,985788953",C,1,1,0,1,5,2
403,27,male,1,own,little,,802,14,car,"0,000245166","0,986034119",C,1,1,0,-1,1,2
92,33,female,1,own,,,797,12,radio/TV,"0,000243637","0,986277756",C,0,1,-1,-1,5,2
885,53,female,2,own,little,little,795,12,education,"0,000243026","0,986520782",C,0,1,0,0,3,2
723,66,female,1,own,quite rich,moderate,790,9,radio/TV,"0,000241497","0,986762279",C,0,1,2,1,5,2
55,26,male,1,own,,,783,6,car,"0,000239357","0,987001637",C,1,1,-1,-1,1,2
123,63,male,2,free,little,rich,781,10,car,"0,000238746","0,987240383",C,1,0,0,2,1,2
358,28,male,2,own,little,,776,12,radio/TV,"0,000237218","0,9874776",C,1,1,0,-1,5,2
137,66,male,1,own,quite rich,moderate,766,12,radio/TV,"0,000234161","0,987711761",C,1,1,2,1,5,2
171,26,female,2,own,little,,763,12,furniture/equipment,"0,000233244","0,987945005",C,0,1,0,-1,4,2
732,44,female,1,own,little,moderate,760,8,radio/TV,"0,000232327","0,988177331",C,0,1,0,1,5,2
510,26,male,2,own,little,little,759,12,car,"0,000232021","0,988409352",C,1,1,0,0,1,2
463,38,male,2,own,,moderate,754,12,education,"0,000230492","0,988639844",C,1,1,-1,1,3,2
976,64,female,2,own,little,moderate,753,6,radio/TV,"0,000230187","0,988870031",C,0,1,0,1,5,2
640,27,female,0,own,little,little,750,18,education,"0,00022927","0,989099301",C,0,1,0,0,3,2
936,28,female,1,own,little,rich,745,9,radio/TV,"0,000227741","0,989327042",C,0,1,0,2,5,2
610,22,female,2,own,moderate,little,741,12,domestic appliances,"0,000226518","0,98955356",C,0,1,1,0,2,2
823,47,male,1,own,little,little,731,8,car,"0,000223461","0,989777022",C,1,1,0,0,1,2
71,46,male,1,rent,,,730,7,radio/TV,"0,000223156","0,990000177",C,1,2,-1,-1,5,2
307,33,male,1,own,moderate,little,727,12,radio/TV,"0,000222239","0,990222416",C,1,1,1,0,5,2
354,46,male,2,free,quite rich,,727,10,education,"0,000222239","0,990444655",C,1,0,2,-1,3,2
443,41,male,1,own,little,,719,12,education,"0,000219793","0,990664448",C,1,1,0,-1,3,2
246,52,male,2,own,little,,717,12,radio/TV,"0,000219182","0,990883629",C,1,1,0,-1,5,2
798,54,male,2,own,,,717,24,car,"0,000219182","0,991102811",C,1,1,-1,-1,1,2
140,27,male,0,own,rich,rich,709,6,car,"0,000216736","0,991319547",C,1,1,3,2,1,2
849,57,male,1,own,little,little,709,12,radio/TV,"0,000216736","0,991536284",C,1,1,0,0,5,2
316,38,male,1,own,little,little,708,12,furniture/equipment,"0,00021643","0,991752714",C,1,1,0,0,4,2
222,30,male,2,own,little,,707,12,radio/TV,"0,000216125","0,991968839",C,1,1,0,-1,5,2
126,40,male,1,own,little,little,701,12,radio/TV,"0,000214291","0,99218313",C,1,1,0,0,5,2
318,32,male,2,own,little,,701,12,education,"0,000214291","0,99239742",C,1,1,0,-1,3,2
519,36,male,2,free,,,700,6,radio/TV,"0,000213985","0,992611405",C,1,0,-1,-1,5,2
925,46,male,2,own,little,little,697,12,car,"0,000213068","0,992824473",C,1,1,0,0,1,2
759,35,male,2,own,little,little,691,12,car,"0,000211234","0,993035707",C,1,1,0,0,1,2
313,25,male,1,own,little,moderate,685,12,car,"0,0002094","0,993245106",C,1,1,0,1,1,2
649,40,male,1,rent,little,little,684,12,education,"0,000209094","0,9934542",C,1,2,0,0,3,2
562,29,female,2,own,little,rich,683,6,radio/TV,"0,000208788","0,993662988",C,0,1,0,2,5,2
147,51,female,2,own,moderate,,682,12,car,"0,000208482","0,993871471",C,0,1,1,-1,1,2
188,20,male,2,own,moderate,little,674,12,radio/TV,"0,000206037","0,994077508",C,1,1,1,0,5,2
300,54,female,0,own,little,,672,6,car,"0,000205426","0,994282933",C,0,1,0,-1,1,2
250,39,female,1,own,rich,little,666,6,car,"0,000203591","0,994486525",C,0,1,3,0,1,2
529,41,male,1,own,little,little,662,6,car,"0,000202369","0,994688893",C,1,1,0,0,1,2
436,23,male,1,rent,quite rich,,660,6,repairs,"0,000201757","0,994890651",C,1,2,2,-1,6,2
472,28,male,1,own,little,little,654,9,car,"0,000199923","0,995090574",C,1,1,0,0,1,2
869,24,female,2,rent,little,little,652,12,furniture/equipment,"0,000199312","0,995289885",C,0,2,0,0,4,2
619,49,male,1,own,little,,640,12,car,"0,000195643","0,995485529",C,1,1,0,-1,1,2
127,30,male,2,own,little,moderate,639,12,repairs,"0,000195338","0,995680867",C,1,1,0,1,6,2
710,32,male,3,own,quite rich,,629,18,radio/TV,"0,000192281","0,995873147",C,1,1,2,-1,5,2
548,24,female,1,own,little,little,626,12,radio/TV,"0,000191364","0,996064511",C,0,1,0,0,5,2
220,26,male,1,own,little,moderate,625,12,radio/TV,"0,000191058","0,996255569",C,1,1,0,1,5,2
90,56,male,2,own,little,,618,12,radio/TV,"0,000188918","0,996444487",C,1,1,0,-1,5,2
439,26,female,0,own,little,rich,609,12,business,"0,000186167","0,996630654",C,0,1,0,2,0,2
515,37,female,2,own,little,little,609,6,car,"0,000186167","0,996816821",C,0,1,0,0,1,2
837,23,female,1,rent,little,,601,4,furniture/equipment,"0,000183721","0,997000542",C,0,2,0,-1,4,2
806,26,male,1,own,little,moderate,590,6,radio/TV,"0,000180359","0,997180901",C,1,1,0,1,5,2
513,20,male,2,rent,little,moderate,585,12,radio/TV,"0,00017883","0,997359731",C,1,2,0,1,5,2
179,65,male,2,own,little,little,571,21,car,"0,000174551","0,997534282",C,1,1,0,0,1,2
933,42,male,2,own,quite rich,,522,12,radio/TV,"0,000159572","0,997693854",C,1,1,2,-1,5,2
451,29,female,2,own,little,,518,6,radio/TV,"0,000158349","0,997852202",C,0,1,0,-1,5,2
811,28,male,1,own,little,moderate,484,6,radio/TV,"0,000147955","0,998000158",C,1,1,0,1,5,2
39,24,male,2,own,little,moderate,458,9,radio/TV,"0,000140007","0,998140165",C,1,1,0,1,5,2
964,22,male,1,own,little,moderate,454,6,repairs,"0,000138785","0,99827895",C,1,1,0,1,6,2
471,23,female,2,own,little,little,448,6,education,"0,00013695","0,9984159",C,0,1,0,0,3,2
249,22,female,2,rent,little,,433,18,radio/TV,"0,000132365","0,998548265",C,0,2,0,-1,5,2
721,24,female,2,rent,rich,moderate,433,6,education,"0,000132365","0,99868063",C,0,2,3,1,3,2
750,49,female,2,own,little,little,428,6,furniture/equipment,"0,000130837","0,998811466",C,0,1,0,0,4,2
26,39,male,1,own,little,,426,6,radio/TV,"0,000130225","0,998941692",C,1,1,0,-1,5,2
27,42,female,2,rent,rich,rich,409,12,radio/TV,"0,000125028","0,99906672",C,0,2,3,2,5,2
111,23,female,2,rent,little,rich,392,15,education,"0,000119832","0,999186551",C,0,2,0,2,3,2
590,58,female,1,own,little,little,385,12,radio/TV,"0,000117692","0,999304243",C,0,1,0,0,5,2
493,38,male,2,own,,moderate,368,6,radio/TV,"0,000112495","0,999416738",C,1,1,-1,1,5,2
379,52,female,1,own,moderate,,362,6,car,"0,000110661","0,999527399",C,0,1,1,-1,1,2
458,27,female,2,own,little,little,343,6,domestic appliances,"0,000104853","0,999632252",C,0,1,0,0,2,2
157,45,male,1,own,little,little,339,12,education,"0,00010363","0,999735881",C,1,1,0,0,3,2
177,52,male,2,own,quite rich,little,338,6,radio/TV,"0,000103324","0,999839206",C,1,1,2,0,5,2
309,22,male,1,rent,little,moderate,276,9,car,"8,44E-05","0,999923577",C,1,2,0,1,1,2
725,41,female,1,own,rich,,250,6,car,"7,64E-05",1,C,0,1,3,-1,1,2
